9,-7,lsmtQrA+HS4g0dLzzsJUQHs/J6E=,KOi2WaZFCOq164VSLQ0xoG53IHA=
9,-8,lsmtQrA+HS4g0dLzzsJUQHs/J6E=,rIAyJdRC3Yhqk64H0o9XY5XoBbs=
9,-5,lsmtQrA+HS4g0dLzzsJUQHs/J6E=,CC3BOCqdkz9LMwyRMXCTa+PHf2o=
9,-6,lsmtQrA+HS4g0dLzzsJUQHs/J6E=,G1iCjuzULzf/Mg1ek8Rx6/GzExQ=
9,-3,lsmtQrA+HS4g0dLzzsJUQHs/J6E=,CC3BOCqdkz9LMwyRMXCTa+PHf2o=
9,-4,lsmtQrA+HS4g0dLzzsJUQHs/J6E=,CC3BOCqdkz9LMwyRMXCTa+PHf2o=
9,-1,lsmtQrA+HS4g0dLzzsJUQHs/J6E=,Ef5+3S+8tRmU1YQ9JbUSujoW1XE=
9,-2,lsmtQrA+HS4g0dLzzsJUQHs/J6E=,CC3BOCqdkz9LMwyRMXCTa+PHf2o=
9,-9,lsmtQrA+HS4g0dLzzsJUQHs/J6E=,rIAyJdRC3Yhqk64H0o9XY5XoBbs=
9,-10,lsmtQrA+HS4g0dLzzsJUQHs/J6E=,rIAyJdRC3Yhqk64H0o9XY5XoBbs=
8,-8,lsmtQrA+HS4g0dLzzsJUQHs/J6E=,rIAyJdRC3Yhqk64H0o9XY5XoBbs=
8,-7,lsmtQrA+HS4g0dLzzsJUQHs/J6E=,rIAyJdRC3Yhqk64H0o9XY5XoBbs=
8,-6,lsmtQrA+HS4g0dLzzsJUQHs/J6E=,KOi2WaZFCOq164VSLQ0xoG53IHA=
8,-5,lsmtQrA+HS4g0dLzzsJUQHs/J6E=,rIAyJdRC3Yhqk64H0o9XY5XoBbs=
8,-4,lsmtQrA+HS4g0dLzzsJUQHs/J6E=,KOi2WaZFCOq164VSLQ0xoG53IHA=
8,-3,ysNBlK67FvV66WWpLnw1dlkSNVM=,S7sLv6dWpv+oZL7gVtO5ujeuurc=
8,-2,ysNBlK67FvV66WWpLnw1dlkSNVM=,S7sLv6dWpv+oZL7gVtO5ujeuurc=
8,-1,ysNBlK67FvV66WWpLnw1dlkSNVM=,1RDyA72dWEweZ77kCcOhrSUIQqg=
8,-10,ysNBlK67FvV66WWpLnw1dlkSNVM=,rIAyJdRC3Yhqk64H0o9XY5XoBbs=
8,-9,ysNBlK67FvV66WWpLnw1dlkSNVM=,rIAyJdRC3Yhqk64H0o9XY5XoBbs=
7,-9,ysNBlK67FvV66WWpLnw1dlkSNVM=,TqWQv2DZkFzB063myVMexg6Ip+Q=
7,-10,ysNBlK67FvV66WWpLnw1dlkSNVM=,TqWQv2DZkFzB063myVMexg6Ip+Q=
7,-1,ysNBlK67FvV66WWpLnw1dlkSNVM=,IOswiORGuK9ERyGfsV73eWdnPik=
7,-2,ysNBlK67FvV66WWpLnw1dlkSNVM=,967K5Bkw3XFfYtV6H9gZUvs9kmI=
7,-3,ysNBlK67FvV66WWpLnw1dlkSNVM=,W+63oGvy6IfKu5AFUUD8eXfvJl4=
7,-4,ysNBlK67FvV66WWpLnw1dlkSNVM=,h7Tks4RHA5qaDlVEuaX1oTtTBUk=
7,-5,ysNBlK67FvV66WWpLnw1dlkSNVM=,zsSIoqhevKPa0K2zSX85uzlsVW0=
7,-6,ysNBlK67FvV66WWpLnw1dlkSNVM=,S8SS3iBjrp/mFH0Cka4Gs/S8OhA=
7,-7,ysNBlK67FvV66WWpLnw1dlkSNVM=,Cy/w6nEQbM+i/nXgTSwCgMBYC3Q=
7,-8,ysNBlK67FvV66WWpLnw1dlkSNVM=,262dmxGVDnpe0VMml8cnw40CDSA=
6,-10,ysNBlK67FvV66WWpLnw1dlkSNVM=,L7NUjms2nXSvz/oORlfm/FSE6s0=
6,-9,ysNBlK67FvV66WWpLnw1dlkSNVM=,TqWQv2DZkFzB063myVMexg6Ip+Q=
6,-2,ysNBlK67FvV66WWpLnw1dlkSNVM=,JJQZNrbr9QpL3TfToO0XdoQNxC4=
6,-1,ysNBlK67FvV66WWpLnw1dlkSNVM=,B9lfgZ/4v6z4offeUQhePjPv9BQ=
6,-4,ysNBlK67FvV66WWpLnw1dlkSNVM=,0ATHjm579msiZ1a2KQFB7TveSeU=
6,-3,ysNBlK67FvV66WWpLnw1dlkSNVM=,vSqO67TYYijAHsqZNyLXOd+MX6s=
6,-6,0jFeU8gvBZ6FIf9+FvH1nei3Mu4=,GOkFA1hP/uaT2bZrnNd5mghRgGU=
6,-5,0jFeU8gvBZ6FIf9+FvH1nei3Mu4=,O/InDWa+oXCywPsT/Q+JC7vMFMM=
6,-8,0jFeU8gvBZ6FIf9+FvH1nei3Mu4=,262dmxGVDnpe0VMml8cnw40CDSA=
6,-7,0jFeU8gvBZ6FIf9+FvH1nei3Mu4=,qyxH9tPjDxFpLJLg/UiE+D68UO4=
5,-3,0jFeU8gvBZ6FIf9+FvH1nei3Mu4=,LjhXRdZOuKDO5RLzUVYBbrKTNwQ=
5,-4,0jFeU8gvBZ6FIf9+FvH1nei3Mu4=,y8l2nLrQ8DwSAa5q0xMZaD33KNs=
5,-1,0jFeU8gvBZ6FIf9+FvH1nei3Mu4=,PGiWDtZqhP1cvSe+N04pPgPtxfI=
5,-2,0jFeU8gvBZ6FIf9+FvH1nei3Mu4=,+SlgU+4lERy8TcIMD/xyrTAOxcY=
5,-7,0jFeU8gvBZ6FIf9+FvH1nei3Mu4=,0hkCP0V1T5bl1rwPzAie77wqhc4=
5,-8,0jFeU8gvBZ6FIf9+FvH1nei3Mu4=,262dmxGVDnpe0VMml8cnw40CDSA=
5,-5,0jFeU8gvBZ6FIf9+FvH1nei3Mu4=,InsDorUgvMGBDddu1y3ObQ8V+JA=
5,-6,0jFeU8gvBZ6FIf9+FvH1nei3Mu4=,D4+mL4hkLgxjKLYEvEw67lbJ9FQ=
4,-4,0jFeU8gvBZ6FIf9+FvH1nei3Mu4=,tAPesh7WzvD3Uj6alIdNsk1/7cM=
4,-3,0jFeU8gvBZ6FIf9+FvH1nei3Mu4=,O+QQPZEqXb6pMwHIBBsyuiwRgQo=
4,-2,0jFeU8gvBZ6FIf9+FvH1nei3Mu4=,J656T2aU3VcpqoCPWP6nbArNKpI=
4,-1,0jFeU8gvBZ6FIf9+FvH1nei3Mu4=,bikWgRRxkkI90K8WsFTubboNLOY=
4,-7,0jFeU8gvBZ6FIf9+FvH1nei3Mu4=,9FilkpGWKZgVHS1WgyOKeCXzEqc=
4,-6,0jFeU8gvBZ6FIf9+FvH1nei3Mu4=,t6hi+BAwCk5tiMUNXhXiP9rVGuA=
4,-5,r+ciojp23jhpqI2IHBJG94Hvkrg=,OG1poDhjjAqrsIraGhrehKGvaLw=
3,-5,r+ciojp23jhpqI2IHBJG94Hvkrg=,oKDFSXllB7HD/8PBHlPSM4oL1/k=
3,-6,r+ciojp23jhpqI2IHBJG94Hvkrg=,oKDFSXllB7HD/8PBHlPSM4oL1/k=
3,-7,r+ciojp23jhpqI2IHBJG94Hvkrg=,Ug0Q+zjbvp31vG/bH02a/1axhzQ=
3,-1,r+ciojp23jhpqI2IHBJG94Hvkrg=,zifgAd2L6Pyr2OGkikGL8L7t+/A=
3,-2,r+ciojp23jhpqI2IHBJG94Hvkrg=,Yut+NdWus7KBQJ7si8xHhuMSCCo=
3,-3,r+ciojp23jhpqI2IHBJG94Hvkrg=,E9iNZUXbAxQThfzRyFz/HHGsiJA=
3,-4,r+ciojp23jhpqI2IHBJG94Hvkrg=,mHBizw2N1fTS7BTC9/0C7SjRtfQ=
2,-9,r+ciojp23jhpqI2IHBJG94Hvkrg=,gNH3o7B9dP0CLu/FyJbbYo2jgIQ=
2,-8,r+ciojp23jhpqI2IHBJG94Hvkrg=,ffkAyZ1rEaEsYIyWDR5oh5wLaJ0=
2,-7,r+ciojp23jhpqI2IHBJG94Hvkrg=,v27Ci1WG0fkwn3R3sqo8sBzFo54=
2,-2,r+ciojp23jhpqI2IHBJG94Hvkrg=,MpBli/+KPwruUxV8e3jF9BEcg/8=
2,-1,r+ciojp23jhpqI2IHBJG94Hvkrg=,5YBOmdkE9dSeyfnDjK7h3WJEgS4=
2,-4,gF6cvfPjJkrWXM3AQa7Ef74lIQE=,tQ573k43V07XVkDz/Iv6a23VH2s=
2,-3,gF6cvfPjJkrWXM3AQa7Ef74lIQE=,4bDYPFDJwm3hyWVziHzOMimaf68=
1,-9,gF6cvfPjJkrWXM3AQa7Ef74lIQE=,APgzhT0QFtXT3YvcMBtr9TeliTg=
1,-10,gF6cvfPjJkrWXM3AQa7Ef74lIQE=,onam/afuMqUAdddSCl7W+oRI8YY=
1,-8,gF6cvfPjJkrWXM3AQa7Ef74lIQE=,v27Ci1WG0fkwn3R3sqo8sBzFo54=
1,-3,gF6cvfPjJkrWXM3AQa7Ef74lIQE=,KRPgqkmIFe5oH3w0Dh1IJDdI5fo=
1,-4,gF6cvfPjJkrWXM3AQa7Ef74lIQE=,vu9MaCd4V+qHsgnMKzRkRvaKl68=
1,-1,gF6cvfPjJkrWXM3AQa7Ef74lIQE=,VIURoJU0Fkzb/oNJXWIKA0V3S8U=
1,-2,gF6cvfPjJkrWXM3AQa7Ef74lIQE=,dPZpDFF6lizvVnecuL+QmIYntrM=
0,-10,gF6cvfPjJkrWXM3AQa7Ef74lIQE=,x5YCaL5VAkB0UpVVuB4YXsWwvPY=
0,-9,gF6cvfPjJkrWXM3AQa7Ef74lIQE=,TqWQv2DZkFzB063myVMexg6Ip+Q=
0,-8,gF6cvfPjJkrWXM3AQa7Ef74lIQE=,2kLl4x8+0clmjMP5zLp4LBZL9/I=
0,-7,gF6cvfPjJkrWXM3AQa7Ef74lIQE=,uhTqmwv91vr+I5FwUFAnL+FGO5E=
0,-6,gF6cvfPjJkrWXM3AQa7Ef74lIQE=,Oe3Hx0cUQHG8lWHlQ+h+1K36LWQ=
0,-5,gF6cvfPjJkrWXM3AQa7Ef74lIQE=,uZdmJ/weWqmyus43f1s6CmkuGwQ=
0,-4,gF6cvfPjJkrWXM3AQa7Ef74lIQE=,3GqVG7CoxMmkjYyLjIc9VcuRy7Y=
0,-3,gF6cvfPjJkrWXM3AQa7Ef74lIQE=,bnE/Dj4o+9Ctv9QGYpTpZ7Pf6tw=
0,-2,gF6cvfPjJkrWXM3AQa7Ef74lIQE=,0de4M2gFNvPjUZLvtbdJ0Yc6MEI=
0,-1,gF6cvfPjJkrWXM3AQa7Ef74lIQE=,IyMy8E/JMo4VNnf9s+8v+kzVjZo=
