38,13,dtMv/C0xvDfU5yig99dqJE3TaIM=,Btd3mS4RfOgImPgkN/UeVFd1t8s=
39,13,dtMv/C0xvDfU5yig99dqJE3TaIM=,Btd3mS4RfOgImPgkN/UeVFd1t8s=
38,12,dtMv/C0xvDfU5yig99dqJE3TaIM=,Btd3mS4RfOgImPgkN/UeVFd1t8s=
38,11,dtMv/C0xvDfU5yig99dqJE3TaIM=,2R3mq6MmwW3p8JXwHCgM9tjbII0=
39,11,dtMv/C0xvDfU5yig99dqJE3TaIM=,2R3mq6MmwW3p8JXwHCgM9tjbII0=
39,12,dtMv/C0xvDfU5yig99dqJE3TaIM=,Btd3mS4RfOgImPgkN/UeVFd1t8s=
37,11,dtMv/C0xvDfU5yig99dqJE3TaIM=,2R3mq6MmwW3p8JXwHCgM9tjbII0=
37,12,dtMv/C0xvDfU5yig99dqJE3TaIM=,Btd3mS4RfOgImPgkN/UeVFd1t8s=
36,12,dtMv/C0xvDfU5yig99dqJE3TaIM=,Btd3mS4RfOgImPgkN/UeVFd1t8s=
37,13,dtMv/C0xvDfU5yig99dqJE3TaIM=,Btd3mS4RfOgImPgkN/UeVFd1t8s=
34,11,dtMv/C0xvDfU5yig99dqJE3TaIM=,SEdLscj4Fd2KJq9vyUIXZczSPHU=
34,12,dtMv/C0xvDfU5yig99dqJE3TaIM=,ug/2ZizKdr2zoU12MFpvCUHtw1E=
35,12,dtMv/C0xvDfU5yig99dqJE3TaIM=,ug/2ZizKdr2zoU12MFpvCUHtw1E=
36,11,dtMv/C0xvDfU5yig99dqJE3TaIM=,2R3mq6MmwW3p8JXwHCgM9tjbII0=
37,10,dtMv/C0xvDfU5yig99dqJE3TaIM=,2R3mq6MmwW3p8JXwHCgM9tjbII0=
36,10,dtMv/C0xvDfU5yig99dqJE3TaIM=,2R3mq6MmwW3p8JXwHCgM9tjbII0=
34,10,dtMv/C0xvDfU5yig99dqJE3TaIM=,SEdLscj4Fd2KJq9vyUIXZczSPHU=
34,13,dtMv/C0xvDfU5yig99dqJE3TaIM=,ug/2ZizKdr2zoU12MFpvCUHtw1E=
35,11,dtMv/C0xvDfU5yig99dqJE3TaIM=,SEdLscj4Fd2KJq9vyUIXZczSPHU=
36,13,dtMv/C0xvDfU5yig99dqJE3TaIM=,Btd3mS4RfOgImPgkN/UeVFd1t8s=
35,10,dtMv/C0xvDfU5yig99dqJE3TaIM=,SEdLscj4Fd2KJq9vyUIXZczSPHU=
35,13,dtMv/C0xvDfU5yig99dqJE3TaIM=,ug/2ZizKdr2zoU12MFpvCUHtw1E=
35,9,+0cWumtNwz3MoRePVwDlfwq8e58=,SEdLscj4Fd2KJq9vyUIXZczSPHU=
34,9,+0cWumtNwz3MoRePVwDlfwq8e58=,SEdLscj4Fd2KJq9vyUIXZczSPHU=
37,9,+0cWumtNwz3MoRePVwDlfwq8e58=,2R3mq6MmwW3p8JXwHCgM9tjbII0=
37,6,+0cWumtNwz3MoRePVwDlfwq8e58=,bW8B9eYHiqIX0GFigB5iiSW1yOU=
34,6,+0cWumtNwz3MoRePVwDlfwq8e58=,0E+2wv84ixlzQ12m4xhc/8rQYPc=
35,6,+0cWumtNwz3MoRePVwDlfwq8e58=,0E+2wv84ixlzQ12m4xhc/8rQYPc=
37,7,+0cWumtNwz3MoRePVwDlfwq8e58=,bW8B9eYHiqIX0GFigB5iiSW1yOU=
35,8,+0cWumtNwz3MoRePVwDlfwq8e58=,SEdLscj4Fd2KJq9vyUIXZczSPHU=
36,7,+0cWumtNwz3MoRePVwDlfwq8e58=,bW8B9eYHiqIX0GFigB5iiSW1yOU=
34,7,+0cWumtNwz3MoRePVwDlfwq8e58=,0E+2wv84ixlzQ12m4xhc/8rQYPc=
37,8,+0cWumtNwz3MoRePVwDlfwq8e58=,2R3mq6MmwW3p8JXwHCgM9tjbII0=
35,7,+0cWumtNwz3MoRePVwDlfwq8e58=,0E+2wv84ixlzQ12m4xhc/8rQYPc=
36,9,+0cWumtNwz3MoRePVwDlfwq8e58=,2R3mq6MmwW3p8JXwHCgM9tjbII0=
36,8,+0cWumtNwz3MoRePVwDlfwq8e58=,2R3mq6MmwW3p8JXwHCgM9tjbII0=
36,6,+0cWumtNwz3MoRePVwDlfwq8e58=,bW8B9eYHiqIX0GFigB5iiSW1yOU=
34,8,+0cWumtNwz3MoRePVwDlfwq8e58=,SEdLscj4Fd2KJq9vyUIXZczSPHU=
37,5,+0cWumtNwz3MoRePVwDlfwq8e58=,bW8B9eYHiqIX0GFigB5iiSW1yOU=
35,2,+0cWumtNwz3MoRePVwDlfwq8e58=,txaT7xK+sSBY/gzUskvZj6n5Mow=
37,4,+0cWumtNwz3MoRePVwDlfwq8e58=,bW8B9eYHiqIX0GFigB5iiSW1yOU=
35,3,+0cWumtNwz3MoRePVwDlfwq8e58=,txaT7xK+sSBY/gzUskvZj6n5Mow=
36,2,+0cWumtNwz3MoRePVwDlfwq8e58=,9uWS5YAKT4Ign+B+FoJb1AH5/tQ=
37,3,+0cWumtNwz3MoRePVwDlfwq8e58=,9uWS5YAKT4Ign+B+FoJb1AH5/tQ=
35,4,+0cWumtNwz3MoRePVwDlfwq8e58=,0E+2wv84ixlzQ12m4xhc/8rQYPc=
35,5,+0cWumtNwz3MoRePVwDlfwq8e58=,0E+2wv84ixlzQ12m4xhc/8rQYPc=
34,4,+0cWumtNwz3MoRePVwDlfwq8e58=,0E+2wv84ixlzQ12m4xhc/8rQYPc=
36,4,+0cWumtNwz3MoRePVwDlfwq8e58=,bW8B9eYHiqIX0GFigB5iiSW1yOU=
34,5,+0cWumtNwz3MoRePVwDlfwq8e58=,0E+2wv84ixlzQ12m4xhc/8rQYPc=
36,3,+0cWumtNwz3MoRePVwDlfwq8e58=,9uWS5YAKT4Ign+B+FoJb1AH5/tQ=
36,5,+0cWumtNwz3MoRePVwDlfwq8e58=,bW8B9eYHiqIX0GFigB5iiSW1yOU=
34,2,+0cWumtNwz3MoRePVwDlfwq8e58=,txaT7xK+sSBY/gzUskvZj6n5Mow=
37,2,+0cWumtNwz3MoRePVwDlfwq8e58=,9uWS5YAKT4Ign+B+FoJb1AH5/tQ=
34,3,+0cWumtNwz3MoRePVwDlfwq8e58=,txaT7xK+sSBY/gzUskvZj6n5Mow=
32,0,+0cWumtNwz3MoRePVwDlfwq8e58=,txaT7xK+sSBY/gzUskvZj6n5Mow=
32,5,+0cWumtNwz3MoRePVwDlfwq8e58=,0E+2wv84ixlzQ12m4xhc/8rQYPc=
33,3,+0cWumtNwz3MoRePVwDlfwq8e58=,txaT7xK+sSBY/gzUskvZj6n5Mow=
33,0,+0cWumtNwz3MoRePVwDlfwq8e58=,txaT7xK+sSBY/gzUskvZj6n5Mow=
32,2,+0cWumtNwz3MoRePVwDlfwq8e58=,txaT7xK+sSBY/gzUskvZj6n5Mow=
32,4,+0cWumtNwz3MoRePVwDlfwq8e58=,0E+2wv84ixlzQ12m4xhc/8rQYPc=
33,2,+0cWumtNwz3MoRePVwDlfwq8e58=,txaT7xK+sSBY/gzUskvZj6n5Mow=
32,1,+0cWumtNwz3MoRePVwDlfwq8e58=,txaT7xK+sSBY/gzUskvZj6n5Mow=
32,3,+0cWumtNwz3MoRePVwDlfwq8e58=,txaT7xK+sSBY/gzUskvZj6n5Mow=
33,4,+0cWumtNwz3MoRePVwDlfwq8e58=,0E+2wv84ixlzQ12m4xhc/8rQYPc=
33,1,+0cWumtNwz3MoRePVwDlfwq8e58=,txaT7xK+sSBY/gzUskvZj6n5Mow=
33,5,+0cWumtNwz3MoRePVwDlfwq8e58=,0E+2wv84ixlzQ12m4xhc/8rQYPc=
36,1,+0cWumtNwz3MoRePVwDlfwq8e58=,9uWS5YAKT4Ign+B+FoJb1AH5/tQ=
37,1,+0cWumtNwz3MoRePVwDlfwq8e58=,9uWS5YAKT4Ign+B+FoJb1AH5/tQ=
36,0,+0cWumtNwz3MoRePVwDlfwq8e58=,9uWS5YAKT4Ign+B+FoJb1AH5/tQ=
35,0,+0cWumtNwz3MoRePVwDlfwq8e58=,txaT7xK+sSBY/gzUskvZj6n5Mow=
37,0,+0cWumtNwz3MoRePVwDlfwq8e58=,9uWS5YAKT4Ign+B+FoJb1AH5/tQ=
34,0,+0cWumtNwz3MoRePVwDlfwq8e58=,txaT7xK+sSBY/gzUskvZj6n5Mow=
35,1,+0cWumtNwz3MoRePVwDlfwq8e58=,txaT7xK+sSBY/gzUskvZj6n5Mow=
34,1,+0cWumtNwz3MoRePVwDlfwq8e58=,txaT7xK+sSBY/gzUskvZj6n5Mow=
32,8,+0cWumtNwz3MoRePVwDlfwq8e58=,SEdLscj4Fd2KJq9vyUIXZczSPHU=
32,6,+0cWumtNwz3MoRePVwDlfwq8e58=,0E+2wv84ixlzQ12m4xhc/8rQYPc=
32,9,+0cWumtNwz3MoRePVwDlfwq8e58=,SEdLscj4Fd2KJq9vyUIXZczSPHU=
32,7,+0cWumtNwz3MoRePVwDlfwq8e58=,0E+2wv84ixlzQ12m4xhc/8rQYPc=
33,6,+0cWumtNwz3MoRePVwDlfwq8e58=,0E+2wv84ixlzQ12m4xhc/8rQYPc=
33,7,+0cWumtNwz3MoRePVwDlfwq8e58=,0E+2wv84ixlzQ12m4xhc/8rQYPc=
33,9,+0cWumtNwz3MoRePVwDlfwq8e58=,SEdLscj4Fd2KJq9vyUIXZczSPHU=
32,12,+0cWumtNwz3MoRePVwDlfwq8e58=,ug/2ZizKdr2zoU12MFpvCUHtw1E=
32,10,+0cWumtNwz3MoRePVwDlfwq8e58=,SEdLscj4Fd2KJq9vyUIXZczSPHU=
33,8,+0cWumtNwz3MoRePVwDlfwq8e58=,SEdLscj4Fd2KJq9vyUIXZczSPHU=
33,13,+0cWumtNwz3MoRePVwDlfwq8e58=,ug/2ZizKdr2zoU12MFpvCUHtw1E=
33,12,+0cWumtNwz3MoRePVwDlfwq8e58=,ug/2ZizKdr2zoU12MFpvCUHtw1E=
32,13,+0cWumtNwz3MoRePVwDlfwq8e58=,ug/2ZizKdr2zoU12MFpvCUHtw1E=
32,11,+0cWumtNwz3MoRePVwDlfwq8e58=,SEdLscj4Fd2KJq9vyUIXZczSPHU=
33,10,+0cWumtNwz3MoRePVwDlfwq8e58=,SEdLscj4Fd2KJq9vyUIXZczSPHU=
33,11,+0cWumtNwz3MoRePVwDlfwq8e58=,SEdLscj4Fd2KJq9vyUIXZczSPHU=
37,14,+0cWumtNwz3MoRePVwDlfwq8e58=,Btd3mS4RfOgImPgkN/UeVFd1t8s=
35,15,+0cWumtNwz3MoRePVwDlfwq8e58=,ug/2ZizKdr2zoU12MFpvCUHtw1E=
39,15,+0cWumtNwz3MoRePVwDlfwq8e58=,Btd3mS4RfOgImPgkN/UeVFd1t8s=
39,14,+0cWumtNwz3MoRePVwDlfwq8e58=,Btd3mS4RfOgImPgkN/UeVFd1t8s=
33,15,+0cWumtNwz3MoRePVwDlfwq8e58=,ug/2ZizKdr2zoU12MFpvCUHtw1E=
32,15,+0cWumtNwz3MoRePVwDlfwq8e58=,ug/2ZizKdr2zoU12MFpvCUHtw1E=
34,15,+0cWumtNwz3MoRePVwDlfwq8e58=,ug/2ZizKdr2zoU12MFpvCUHtw1E=
34,14,+0cWumtNwz3MoRePVwDlfwq8e58=,ug/2ZizKdr2zoU12MFpvCUHtw1E=
32,14,+0cWumtNwz3MoRePVwDlfwq8e58=,ug/2ZizKdr2zoU12MFpvCUHtw1E=
37,15,+0cWumtNwz3MoRePVwDlfwq8e58=,Btd3mS4RfOgImPgkN/UeVFd1t8s=
33,14,+0cWumtNwz3MoRePVwDlfwq8e58=,ug/2ZizKdr2zoU12MFpvCUHtw1E=
35,14,+0cWumtNwz3MoRePVwDlfwq8e58=,ug/2ZizKdr2zoU12MFpvCUHtw1E=
36,15,+0cWumtNwz3MoRePVwDlfwq8e58=,Btd3mS4RfOgImPgkN/UeVFd1t8s=
38,15,+0cWumtNwz3MoRePVwDlfwq8e58=,Btd3mS4RfOgImPgkN/UeVFd1t8s=
38,14,+0cWumtNwz3MoRePVwDlfwq8e58=,Btd3mS4RfOgImPgkN/UeVFd1t8s=
39,10,+0cWumtNwz3MoRePVwDlfwq8e58=,2R3mq6MmwW3p8JXwHCgM9tjbII0=
36,14,+0cWumtNwz3MoRePVwDlfwq8e58=,Btd3mS4RfOgImPgkN/UeVFd1t8s=
39,0,zxu5Hohl6OO4uGCXKyGvo9gdcVw=,9uWS5YAKT4Ign+B+FoJb1AH5/tQ=
39,6,zxu5Hohl6OO4uGCXKyGvo9gdcVw=,bW8B9eYHiqIX0GFigB5iiSW1yOU=
39,1,zxu5Hohl6OO4uGCXKyGvo9gdcVw=,9uWS5YAKT4Ign+B+FoJb1AH5/tQ=
39,5,zxu5Hohl6OO4uGCXKyGvo9gdcVw=,bW8B9eYHiqIX0GFigB5iiSW1yOU=
39,2,zxu5Hohl6OO4uGCXKyGvo9gdcVw=,9uWS5YAKT4Ign+B+FoJb1AH5/tQ=
39,4,zxu5Hohl6OO4uGCXKyGvo9gdcVw=,bW8B9eYHiqIX0GFigB5iiSW1yOU=
39,7,zxu5Hohl6OO4uGCXKyGvo9gdcVw=,bW8B9eYHiqIX0GFigB5iiSW1yOU=
39,9,zxu5Hohl6OO4uGCXKyGvo9gdcVw=,2R3mq6MmwW3p8JXwHCgM9tjbII0=
39,3,zxu5Hohl6OO4uGCXKyGvo9gdcVw=,9uWS5YAKT4Ign+B+FoJb1AH5/tQ=
39,8,zxu5Hohl6OO4uGCXKyGvo9gdcVw=,2R3mq6MmwW3p8JXwHCgM9tjbII0=
38,10,zxu5Hohl6OO4uGCXKyGvo9gdcVw=,2R3mq6MmwW3p8JXwHCgM9tjbII0=
38,5,zxu5Hohl6OO4uGCXKyGvo9gdcVw=,bW8B9eYHiqIX0GFigB5iiSW1yOU=
38,2,zxu5Hohl6OO4uGCXKyGvo9gdcVw=,9uWS5YAKT4Ign+B+FoJb1AH5/tQ=
38,4,zxu5Hohl6OO4uGCXKyGvo9gdcVw=,bW8B9eYHiqIX0GFigB5iiSW1yOU=
38,0,zxu5Hohl6OO4uGCXKyGvo9gdcVw=,9uWS5YAKT4Ign+B+FoJb1AH5/tQ=
38,6,zxu5Hohl6OO4uGCXKyGvo9gdcVw=,bW8B9eYHiqIX0GFigB5iiSW1yOU=
38,1,zxu5Hohl6OO4uGCXKyGvo9gdcVw=,9uWS5YAKT4Ign+B+FoJb1AH5/tQ=
38,3,zxu5Hohl6OO4uGCXKyGvo9gdcVw=,9uWS5YAKT4Ign+B+FoJb1AH5/tQ=
38,7,zxu5Hohl6OO4uGCXKyGvo9gdcVw=,bW8B9eYHiqIX0GFigB5iiSW1yOU=
38,8,zxu5Hohl6OO4uGCXKyGvo9gdcVw=,2R3mq6MmwW3p8JXwHCgM9tjbII0=
38,9,zxu5Hohl6OO4uGCXKyGvo9gdcVw=,2R3mq6MmwW3p8JXwHCgM9tjbII0=
33,31,Iy+xBtohlfgWUPUwyxf9OXdRxAg=,ns6r+UOXxAvwLAaVkj4tmfSugjE=
33,30,Iy+xBtohlfgWUPUwyxf9OXdRxAg=,ns6r+UOXxAvwLAaVkj4tmfSugjE=
34,31,Iy+xBtohlfgWUPUwyxf9OXdRxAg=,ns6r+UOXxAvwLAaVkj4tmfSugjE=
36,29,Iy+xBtohlfgWUPUwyxf9OXdRxAg=,YxveaMeVu5jEo6EjCCn7pCjphn0=
37,30,Iy+xBtohlfgWUPUwyxf9OXdRxAg=,YxveaMeVu5jEo6EjCCn7pCjphn0=
36,30,Iy+xBtohlfgWUPUwyxf9OXdRxAg=,YxveaMeVu5jEo6EjCCn7pCjphn0=
39,29,Iy+xBtohlfgWUPUwyxf9OXdRxAg=,YxveaMeVu5jEo6EjCCn7pCjphn0=
37,29,Iy+xBtohlfgWUPUwyxf9OXdRxAg=,YxveaMeVu5jEo6EjCCn7pCjphn0=
34,27,Iy+xBtohlfgWUPUwyxf9OXdRxAg=,dAloQKUStD0yhseNAP+Gq2DvGk0=
36,28,Iy+xBtohlfgWUPUwyxf9OXdRxAg=,YxveaMeVu5jEo6EjCCn7pCjphn0=
35,26,Iy+xBtohlfgWUPUwyxf9OXdRxAg=,dAloQKUStD0yhseNAP+Gq2DvGk0=
35,27,Iy+xBtohlfgWUPUwyxf9OXdRxAg=,dAloQKUStD0yhseNAP+Gq2DvGk0=
36,27,Iy+xBtohlfgWUPUwyxf9OXdRxAg=,PeM+UrVL/ueHskal708DzIitQfY=
35,28,Iy+xBtohlfgWUPUwyxf9OXdRxAg=,ns6r+UOXxAvwLAaVkj4tmfSugjE=
35,29,Iy+xBtohlfgWUPUwyxf9OXdRxAg=,ns6r+UOXxAvwLAaVkj4tmfSugjE=
34,26,Iy+xBtohlfgWUPUwyxf9OXdRxAg=,dAloQKUStD0yhseNAP+Gq2DvGk0=
36,26,Iy+xBtohlfgWUPUwyxf9OXdRxAg=,PeM+UrVL/ueHskal708DzIitQfY=
37,28,Iy+xBtohlfgWUPUwyxf9OXdRxAg=,YxveaMeVu5jEo6EjCCn7pCjphn0=
39,28,Iy+xBtohlfgWUPUwyxf9OXdRxAg=,YxveaMeVu5jEo6EjCCn7pCjphn0=
37,27,Iy+xBtohlfgWUPUwyxf9OXdRxAg=,PeM+UrVL/ueHskal708DzIitQfY=
34,28,Iy+xBtohlfgWUPUwyxf9OXdRxAg=,ns6r+UOXxAvwLAaVkj4tmfSugjE=
37,26,Iy+xBtohlfgWUPUwyxf9OXdRxAg=,PeM+UrVL/ueHskal708DzIitQfY=
34,29,Iy+xBtohlfgWUPUwyxf9OXdRxAg=,ns6r+UOXxAvwLAaVkj4tmfSugjE=
35,25,lod4+rtNHcKWarrYoRlxJTwM8Q8=,dAloQKUStD0yhseNAP+Gq2DvGk0=
34,25,lod4+rtNHcKWarrYoRlxJTwM8Q8=,dAloQKUStD0yhseNAP+Gq2DvGk0=
36,23,lod4+rtNHcKWarrYoRlxJTwM8Q8=,gayPyNgTLBTO/11qh2RmR53kdyw=
34,24,lod4+rtNHcKWarrYoRlxJTwM8Q8=,dAloQKUStD0yhseNAP+Gq2DvGk0=
37,24,lod4+rtNHcKWarrYoRlxJTwM8Q8=,PeM+UrVL/ueHskal708DzIitQfY=
36,25,lod4+rtNHcKWarrYoRlxJTwM8Q8=,PeM+UrVL/ueHskal708DzIitQfY=
35,24,lod4+rtNHcKWarrYoRlxJTwM8Q8=,dAloQKUStD0yhseNAP+Gq2DvGk0=
37,25,lod4+rtNHcKWarrYoRlxJTwM8Q8=,PeM+UrVL/ueHskal708DzIitQfY=
36,24,lod4+rtNHcKWarrYoRlxJTwM8Q8=,PeM+UrVL/ueHskal708DzIitQfY=
37,23,lod4+rtNHcKWarrYoRlxJTwM8Q8=,gayPyNgTLBTO/11qh2RmR53kdyw=
37,22,lod4+rtNHcKWarrYoRlxJTwM8Q8=,gayPyNgTLBTO/11qh2RmR53kdyw=
35,23,lod4+rtNHcKWarrYoRlxJTwM8Q8=,shQq5iVl5Xp5Nnkf51Ck51yXucE=
34,23,lod4+rtNHcKWarrYoRlxJTwM8Q8=,shQq5iVl5Xp5Nnkf51Ck51yXucE=
36,22,lod4+rtNHcKWarrYoRlxJTwM8Q8=,gayPyNgTLBTO/11qh2RmR53kdyw=
35,22,lod4+rtNHcKWarrYoRlxJTwM8Q8=,shQq5iVl5Xp5Nnkf51Ck51yXucE=
34,22,lod4+rtNHcKWarrYoRlxJTwM8Q8=,shQq5iVl5Xp5Nnkf51Ck51yXucE=
36,20,lod4+rtNHcKWarrYoRlxJTwM8Q8=,gayPyNgTLBTO/11qh2RmR53kdyw=
34,21,lod4+rtNHcKWarrYoRlxJTwM8Q8=,shQq5iVl5Xp5Nnkf51Ck51yXucE=
35,21,lod4+rtNHcKWarrYoRlxJTwM8Q8=,shQq5iVl5Xp5Nnkf51Ck51yXucE=
37,21,lod4+rtNHcKWarrYoRlxJTwM8Q8=,gayPyNgTLBTO/11qh2RmR53kdyw=
37,20,lod4+rtNHcKWarrYoRlxJTwM8Q8=,gayPyNgTLBTO/11qh2RmR53kdyw=
36,21,lod4+rtNHcKWarrYoRlxJTwM8Q8=,gayPyNgTLBTO/11qh2RmR53kdyw=
35,19,lod4+rtNHcKWarrYoRlxJTwM8Q8=,1CXYxqN9SYrReb7R5OSFTnnKFr4=
34,20,lod4+rtNHcKWarrYoRlxJTwM8Q8=,shQq5iVl5Xp5Nnkf51Ck51yXucE=
34,19,lod4+rtNHcKWarrYoRlxJTwM8Q8=,1CXYxqN9SYrReb7R5OSFTnnKFr4=
34,18,lod4+rtNHcKWarrYoRlxJTwM8Q8=,1CXYxqN9SYrReb7R5OSFTnnKFr4=
35,18,lod4+rtNHcKWarrYoRlxJTwM8Q8=,1CXYxqN9SYrReb7R5OSFTnnKFr4=
32,30,lod4+rtNHcKWarrYoRlxJTwM8Q8=,ns6r+UOXxAvwLAaVkj4tmfSugjE=
33,27,lod4+rtNHcKWarrYoRlxJTwM8Q8=,dAloQKUStD0yhseNAP+Gq2DvGk0=
35,20,lod4+rtNHcKWarrYoRlxJTwM8Q8=,shQq5iVl5Xp5Nnkf51Ck51yXucE=
32,25,lod4+rtNHcKWarrYoRlxJTwM8Q8=,dAloQKUStD0yhseNAP+Gq2DvGk0=
33,28,lod4+rtNHcKWarrYoRlxJTwM8Q8=,ns6r+UOXxAvwLAaVkj4tmfSugjE=
32,28,lod4+rtNHcKWarrYoRlxJTwM8Q8=,ns6r+UOXxAvwLAaVkj4tmfSugjE=
32,31,lod4+rtNHcKWarrYoRlxJTwM8Q8=,ns6r+UOXxAvwLAaVkj4tmfSugjE=
37,18,lod4+rtNHcKWarrYoRlxJTwM8Q8=,0IWw2/qy+hzfhZYMBqkmj7SiVSo=
32,27,lod4+rtNHcKWarrYoRlxJTwM8Q8=,dAloQKUStD0yhseNAP+Gq2DvGk0=
32,29,lod4+rtNHcKWarrYoRlxJTwM8Q8=,ns6r+UOXxAvwLAaVkj4tmfSugjE=
33,25,lod4+rtNHcKWarrYoRlxJTwM8Q8=,dAloQKUStD0yhseNAP+Gq2DvGk0=
33,26,lod4+rtNHcKWarrYoRlxJTwM8Q8=,dAloQKUStD0yhseNAP+Gq2DvGk0=
33,29,lod4+rtNHcKWarrYoRlxJTwM8Q8=,ns6r+UOXxAvwLAaVkj4tmfSugjE=
33,23,lod4+rtNHcKWarrYoRlxJTwM8Q8=,shQq5iVl5Xp5Nnkf51Ck51yXucE=
32,24,lod4+rtNHcKWarrYoRlxJTwM8Q8=,dAloQKUStD0yhseNAP+Gq2DvGk0=
36,18,lod4+rtNHcKWarrYoRlxJTwM8Q8=,0IWw2/qy+hzfhZYMBqkmj7SiVSo=
37,19,lod4+rtNHcKWarrYoRlxJTwM8Q8=,0IWw2/qy+hzfhZYMBqkmj7SiVSo=
36,19,lod4+rtNHcKWarrYoRlxJTwM8Q8=,0IWw2/qy+hzfhZYMBqkmj7SiVSo=
33,24,lod4+rtNHcKWarrYoRlxJTwM8Q8=,dAloQKUStD0yhseNAP+Gq2DvGk0=
32,26,lod4+rtNHcKWarrYoRlxJTwM8Q8=,dAloQKUStD0yhseNAP+Gq2DvGk0=
32,23,lod4+rtNHcKWarrYoRlxJTwM8Q8=,shQq5iVl5Xp5Nnkf51Ck51yXucE=
39,17,lod4+rtNHcKWarrYoRlxJTwM8Q8=,0IWw2/qy+hzfhZYMBqkmj7SiVSo=
33,22,lod4+rtNHcKWarrYoRlxJTwM8Q8=,shQq5iVl5Xp5Nnkf51Ck51yXucE=
32,22,lod4+rtNHcKWarrYoRlxJTwM8Q8=,shQq5iVl5Xp5Nnkf51Ck51yXucE=
39,16,lod4+rtNHcKWarrYoRlxJTwM8Q8=,0IWw2/qy+hzfhZYMBqkmj7SiVSo=
38,16,lod4+rtNHcKWarrYoRlxJTwM8Q8=,0IWw2/qy+hzfhZYMBqkmj7SiVSo=
32,21,lod4+rtNHcKWarrYoRlxJTwM8Q8=,shQq5iVl5Xp5Nnkf51Ck51yXucE=
32,19,lod4+rtNHcKWarrYoRlxJTwM8Q8=,1CXYxqN9SYrReb7R5OSFTnnKFr4=
33,18,lod4+rtNHcKWarrYoRlxJTwM8Q8=,1CXYxqN9SYrReb7R5OSFTnnKFr4=
33,19,lod4+rtNHcKWarrYoRlxJTwM8Q8=,1CXYxqN9SYrReb7R5OSFTnnKFr4=
33,20,lod4+rtNHcKWarrYoRlxJTwM8Q8=,shQq5iVl5Xp5Nnkf51Ck51yXucE=
32,18,lod4+rtNHcKWarrYoRlxJTwM8Q8=,1CXYxqN9SYrReb7R5OSFTnnKFr4=
33,21,lod4+rtNHcKWarrYoRlxJTwM8Q8=,shQq5iVl5Xp5Nnkf51Ck51yXucE=
32,20,lod4+rtNHcKWarrYoRlxJTwM8Q8=,shQq5iVl5Xp5Nnkf51Ck51yXucE=
35,16,lod4+rtNHcKWarrYoRlxJTwM8Q8=,1CXYxqN9SYrReb7R5OSFTnnKFr4=
38,17,lod4+rtNHcKWarrYoRlxJTwM8Q8=,0IWw2/qy+hzfhZYMBqkmj7SiVSo=
34,16,lod4+rtNHcKWarrYoRlxJTwM8Q8=,1CXYxqN9SYrReb7R5OSFTnnKFr4=
36,31,lod4+rtNHcKWarrYoRlxJTwM8Q8=,YxveaMeVu5jEo6EjCCn7pCjphn0=
37,31,lod4+rtNHcKWarrYoRlxJTwM8Q8=,YxveaMeVu5jEo6EjCCn7pCjphn0=
35,30,lod4+rtNHcKWarrYoRlxJTwM8Q8=,ns6r+UOXxAvwLAaVkj4tmfSugjE=
35,31,lod4+rtNHcKWarrYoRlxJTwM8Q8=,ns6r+UOXxAvwLAaVkj4tmfSugjE=
35,17,lod4+rtNHcKWarrYoRlxJTwM8Q8=,1CXYxqN9SYrReb7R5OSFTnnKFr4=
34,30,lod4+rtNHcKWarrYoRlxJTwM8Q8=,ns6r+UOXxAvwLAaVkj4tmfSugjE=
34,17,ZhFu94QH+5e8QkzsbSr0DwRH0Fw=,1CXYxqN9SYrReb7R5OSFTnnKFr4=
39,27,ZhFu94QH+5e8QkzsbSr0DwRH0Fw=,PeM+UrVL/ueHskal708DzIitQfY=
39,26,ZhFu94QH+5e8QkzsbSr0DwRH0Fw=,PeM+UrVL/ueHskal708DzIitQfY=
39,30,ZhFu94QH+5e8QkzsbSr0DwRH0Fw=,YxveaMeVu5jEo6EjCCn7pCjphn0=
38,29,ZhFu94QH+5e8QkzsbSr0DwRH0Fw=,YxveaMeVu5jEo6EjCCn7pCjphn0=
39,31,ZhFu94QH+5e8QkzsbSr0DwRH0Fw=,YxveaMeVu5jEo6EjCCn7pCjphn0=
36,16,ZhFu94QH+5e8QkzsbSr0DwRH0Fw=,0IWw2/qy+hzfhZYMBqkmj7SiVSo=
39,20,ZhFu94QH+5e8QkzsbSr0DwRH0Fw=,gayPyNgTLBTO/11qh2RmR53kdyw=
38,30,ZhFu94QH+5e8QkzsbSr0DwRH0Fw=,YxveaMeVu5jEo6EjCCn7pCjphn0=
38,28,ZhFu94QH+5e8QkzsbSr0DwRH0Fw=,YxveaMeVu5jEo6EjCCn7pCjphn0=
38,27,ZhFu94QH+5e8QkzsbSr0DwRH0Fw=,PeM+UrVL/ueHskal708DzIitQfY=
39,25,ZhFu94QH+5e8QkzsbSr0DwRH0Fw=,PeM+UrVL/ueHskal708DzIitQfY=
38,31,ZhFu94QH+5e8QkzsbSr0DwRH0Fw=,YxveaMeVu5jEo6EjCCn7pCjphn0=
38,26,ZhFu94QH+5e8QkzsbSr0DwRH0Fw=,PeM+UrVL/ueHskal708DzIitQfY=
39,21,ZhFu94QH+5e8QkzsbSr0DwRH0Fw=,gayPyNgTLBTO/11qh2RmR53kdyw=
38,25,ZhFu94QH+5e8QkzsbSr0DwRH0Fw=,PeM+UrVL/ueHskal708DzIitQfY=
39,22,ZhFu94QH+5e8QkzsbSr0DwRH0Fw=,gayPyNgTLBTO/11qh2RmR53kdyw=
39,19,ZhFu94QH+5e8QkzsbSr0DwRH0Fw=,0IWw2/qy+hzfhZYMBqkmj7SiVSo=
39,18,ZhFu94QH+5e8QkzsbSr0DwRH0Fw=,0IWw2/qy+hzfhZYMBqkmj7SiVSo=
39,24,ZhFu94QH+5e8QkzsbSr0DwRH0Fw=,PeM+UrVL/ueHskal708DzIitQfY=
39,23,ZhFu94QH+5e8QkzsbSr0DwRH0Fw=,gayPyNgTLBTO/11qh2RmR53kdyw=
37,16,ZhFu94QH+5e8QkzsbSr0DwRH0Fw=,0IWw2/qy+hzfhZYMBqkmj7SiVSo=
38,24,ZhFu94QH+5e8QkzsbSr0DwRH0Fw=,PeM+UrVL/ueHskal708DzIitQfY=
32,17,ZhFu94QH+5e8QkzsbSr0DwRH0Fw=,1CXYxqN9SYrReb7R5OSFTnnKFr4=
38,21,ZhFu94QH+5e8QkzsbSr0DwRH0Fw=,gayPyNgTLBTO/11qh2RmR53kdyw=
38,22,ZhFu94QH+5e8QkzsbSr0DwRH0Fw=,gayPyNgTLBTO/11qh2RmR53kdyw=
37,17,ZhFu94QH+5e8QkzsbSr0DwRH0Fw=,0IWw2/qy+hzfhZYMBqkmj7SiVSo=
36,17,ZhFu94QH+5e8QkzsbSr0DwRH0Fw=,0IWw2/qy+hzfhZYMBqkmj7SiVSo=
38,23,ZhFu94QH+5e8QkzsbSr0DwRH0Fw=,gayPyNgTLBTO/11qh2RmR53kdyw=
33,16,ZhFu94QH+5e8QkzsbSr0DwRH0Fw=,1CXYxqN9SYrReb7R5OSFTnnKFr4=
32,16,ZhFu94QH+5e8QkzsbSr0DwRH0Fw=,1CXYxqN9SYrReb7R5OSFTnnKFr4=
38,20,ZhFu94QH+5e8QkzsbSr0DwRH0Fw=,gayPyNgTLBTO/11qh2RmR53kdyw=
33,17,ZhFu94QH+5e8QkzsbSr0DwRH0Fw=,1CXYxqN9SYrReb7R5OSFTnnKFr4=
38,19,ZhFu94QH+5e8QkzsbSr0DwRH0Fw=,0IWw2/qy+hzfhZYMBqkmj7SiVSo=
38,18,ZhFu94QH+5e8QkzsbSr0DwRH0Fw=,0IWw2/qy+hzfhZYMBqkmj7SiVSo=
