-15,-71,q2Uvc/xTA8vfTXnbljQEzgvqjtI=,hQfOjD8dUu2bCQlkY4PC+Y68qCQ=
-10,-72,q2Uvc/xTA8vfTXnbljQEzgvqjtI=,hQfOjD8dUu2bCQlkY4PC+Y68qCQ=
-11,-72,q2Uvc/xTA8vfTXnbljQEzgvqjtI=,hQfOjD8dUu2bCQlkY4PC+Y68qCQ=
-12,-72,q2Uvc/xTA8vfTXnbljQEzgvqjtI=,hQfOjD8dUu2bCQlkY4PC+Y68qCQ=
-14,-72,q2Uvc/xTA8vfTXnbljQEzgvqjtI=,hQfOjD8dUu2bCQlkY4PC+Y68qCQ=
-15,-72,q2Uvc/xTA8vfTXnbljQEzgvqjtI=,hQfOjD8dUu2bCQlkY4PC+Y68qCQ=
-10,-66,q2Uvc/xTA8vfTXnbljQEzgvqjtI=,hQfOjD8dUu2bCQlkY4PC+Y68qCQ=
-13,-72,q2Uvc/xTA8vfTXnbljQEzgvqjtI=,hQfOjD8dUu2bCQlkY4PC+Y68qCQ=
-11,-66,q2Uvc/xTA8vfTXnbljQEzgvqjtI=,hQfOjD8dUu2bCQlkY4PC+Y68qCQ=
-12,-66,q2Uvc/xTA8vfTXnbljQEzgvqjtI=,hQfOjD8dUu2bCQlkY4PC+Y68qCQ=
-13,-66,q2Uvc/xTA8vfTXnbljQEzgvqjtI=,hQfOjD8dUu2bCQlkY4PC+Y68qCQ=
-15,-66,q2Uvc/xTA8vfTXnbljQEzgvqjtI=,hQfOjD8dUu2bCQlkY4PC+Y68qCQ=
-14,-66,q2Uvc/xTA8vfTXnbljQEzgvqjtI=,hQfOjD8dUu2bCQlkY4PC+Y68qCQ=
-11,-67,q2Uvc/xTA8vfTXnbljQEzgvqjtI=,hQfOjD8dUu2bCQlkY4PC+Y68qCQ=
-12,-67,q2Uvc/xTA8vfTXnbljQEzgvqjtI=,hQfOjD8dUu2bCQlkY4PC+Y68qCQ=
-10,-67,q2Uvc/xTA8vfTXnbljQEzgvqjtI=,hQfOjD8dUu2bCQlkY4PC+Y68qCQ=
-14,-67,q2Uvc/xTA8vfTXnbljQEzgvqjtI=,hQfOjD8dUu2bCQlkY4PC+Y68qCQ=
-13,-67,q2Uvc/xTA8vfTXnbljQEzgvqjtI=,hQfOjD8dUu2bCQlkY4PC+Y68qCQ=
-15,-67,q2Uvc/xTA8vfTXnbljQEzgvqjtI=,hQfOjD8dUu2bCQlkY4PC+Y68qCQ=
-10,-68,q2Uvc/xTA8vfTXnbljQEzgvqjtI=,hQfOjD8dUu2bCQlkY4PC+Y68qCQ=
-12,-68,q2Uvc/xTA8vfTXnbljQEzgvqjtI=,hQfOjD8dUu2bCQlkY4PC+Y68qCQ=
-11,-68,q2Uvc/xTA8vfTXnbljQEzgvqjtI=,hQfOjD8dUu2bCQlkY4PC+Y68qCQ=
-14,-68,q2Uvc/xTA8vfTXnbljQEzgvqjtI=,hQfOjD8dUu2bCQlkY4PC+Y68qCQ=
-13,-68,q2Uvc/xTA8vfTXnbljQEzgvqjtI=,hQfOjD8dUu2bCQlkY4PC+Y68qCQ=
-15,-68,q2Uvc/xTA8vfTXnbljQEzgvqjtI=,hQfOjD8dUu2bCQlkY4PC+Y68qCQ=
-10,-69,q2Uvc/xTA8vfTXnbljQEzgvqjtI=,hQfOjD8dUu2bCQlkY4PC+Y68qCQ=
-11,-69,q2Uvc/xTA8vfTXnbljQEzgvqjtI=,hQfOjD8dUu2bCQlkY4PC+Y68qCQ=
-12,-69,q2Uvc/xTA8vfTXnbljQEzgvqjtI=,hQfOjD8dUu2bCQlkY4PC+Y68qCQ=
-13,-69,q2Uvc/xTA8vfTXnbljQEzgvqjtI=,hQfOjD8dUu2bCQlkY4PC+Y68qCQ=
-14,-69,q2Uvc/xTA8vfTXnbljQEzgvqjtI=,hQfOjD8dUu2bCQlkY4PC+Y68qCQ=
-15,-69,q2Uvc/xTA8vfTXnbljQEzgvqjtI=,hQfOjD8dUu2bCQlkY4PC+Y68qCQ=
-10,-70,q2Uvc/xTA8vfTXnbljQEzgvqjtI=,hQfOjD8dUu2bCQlkY4PC+Y68qCQ=
-11,-70,q2Uvc/xTA8vfTXnbljQEzgvqjtI=,hQfOjD8dUu2bCQlkY4PC+Y68qCQ=
-12,-70,q2Uvc/xTA8vfTXnbljQEzgvqjtI=,hQfOjD8dUu2bCQlkY4PC+Y68qCQ=
-13,-70,q2Uvc/xTA8vfTXnbljQEzgvqjtI=,hQfOjD8dUu2bCQlkY4PC+Y68qCQ=
-14,-70,q2Uvc/xTA8vfTXnbljQEzgvqjtI=,hQfOjD8dUu2bCQlkY4PC+Y68qCQ=
-15,-70,q2Uvc/xTA8vfTXnbljQEzgvqjtI=,hQfOjD8dUu2bCQlkY4PC+Y68qCQ=
-10,-71,q2Uvc/xTA8vfTXnbljQEzgvqjtI=,hQfOjD8dUu2bCQlkY4PC+Y68qCQ=
-11,-71,q2Uvc/xTA8vfTXnbljQEzgvqjtI=,hQfOjD8dUu2bCQlkY4PC+Y68qCQ=
-12,-71,q2Uvc/xTA8vfTXnbljQEzgvqjtI=,hQfOjD8dUu2bCQlkY4PC+Y68qCQ=
-14,-71,q2Uvc/xTA8vfTXnbljQEzgvqjtI=,hQfOjD8dUu2bCQlkY4PC+Y68qCQ=
-13,-71,q2Uvc/xTA8vfTXnbljQEzgvqjtI=,hQfOjD8dUu2bCQlkY4PC+Y68qCQ=
-16,-71,q2Uvc/xTA8vfTXnbljQEzgvqjtI=,hQfOjD8dUu2bCQlkY4PC+Y68qCQ=
-16,-70,q2Uvc/xTA8vfTXnbljQEzgvqjtI=,hQfOjD8dUu2bCQlkY4PC+Y68qCQ=
-16,-69,q2Uvc/xTA8vfTXnbljQEzgvqjtI=,hQfOjD8dUu2bCQlkY4PC+Y68qCQ=
-16,-68,q2Uvc/xTA8vfTXnbljQEzgvqjtI=,hQfOjD8dUu2bCQlkY4PC+Y68qCQ=
-16,-67,q2Uvc/xTA8vfTXnbljQEzgvqjtI=,hQfOjD8dUu2bCQlkY4PC+Y68qCQ=
-16,-66,q2Uvc/xTA8vfTXnbljQEzgvqjtI=,hQfOjD8dUu2bCQlkY4PC+Y68qCQ=
-14,-65,q2Uvc/xTA8vfTXnbljQEzgvqjtI=,hQfOjD8dUu2bCQlkY4PC+Y68qCQ=
-15,-65,q2Uvc/xTA8vfTXnbljQEzgvqjtI=,hQfOjD8dUu2bCQlkY4PC+Y68qCQ=
-12,-65,q2Uvc/xTA8vfTXnbljQEzgvqjtI=,hQfOjD8dUu2bCQlkY4PC+Y68qCQ=
-13,-65,q2Uvc/xTA8vfTXnbljQEzgvqjtI=,hQfOjD8dUu2bCQlkY4PC+Y68qCQ=
-11,-65,q2Uvc/xTA8vfTXnbljQEzgvqjtI=,hQfOjD8dUu2bCQlkY4PC+Y68qCQ=
-16,-65,q2Uvc/xTA8vfTXnbljQEzgvqjtI=,hQfOjD8dUu2bCQlkY4PC+Y68qCQ=
-9,-72,q2Uvc/xTA8vfTXnbljQEzgvqjtI=,hQfOjD8dUu2bCQlkY4PC+Y68qCQ=
-2,-66,q2Uvc/xTA8vfTXnbljQEzgvqjtI=,fdWXCcdkWUEt638rPgf2lPsrSVk=
-16,-72,q2Uvc/xTA8vfTXnbljQEzgvqjtI=,hQfOjD8dUu2bCQlkY4PC+Y68qCQ=
-2,-71,q2Uvc/xTA8vfTXnbljQEzgvqjtI=,fdWXCcdkWUEt638rPgf2lPsrSVk=
-9,-71,q2Uvc/xTA8vfTXnbljQEzgvqjtI=,hQfOjD8dUu2bCQlkY4PC+Y68qCQ=
-6,-69,q2Uvc/xTA8vfTXnbljQEzgvqjtI=,fdWXCcdkWUEt638rPgf2lPsrSVk=
-7,-69,q2Uvc/xTA8vfTXnbljQEzgvqjtI=,fdWXCcdkWUEt638rPgf2lPsrSVk=
-9,-70,q2Uvc/xTA8vfTXnbljQEzgvqjtI=,hQfOjD8dUu2bCQlkY4PC+Y68qCQ=
-2,-65,q2Uvc/xTA8vfTXnbljQEzgvqjtI=,fdWXCcdkWUEt638rPgf2lPsrSVk=
-2,-72,q2Uvc/xTA8vfTXnbljQEzgvqjtI=,fdWXCcdkWUEt638rPgf2lPsrSVk=
-8,-72,q2Uvc/xTA8vfTXnbljQEzgvqjtI=,fdWXCcdkWUEt638rPgf2lPsrSVk=
-9,-69,q2Uvc/xTA8vfTXnbljQEzgvqjtI=,hQfOjD8dUu2bCQlkY4PC+Y68qCQ=
-3,-65,q2Uvc/xTA8vfTXnbljQEzgvqjtI=,fdWXCcdkWUEt638rPgf2lPsrSVk=
-8,-70,q2Uvc/xTA8vfTXnbljQEzgvqjtI=,fdWXCcdkWUEt638rPgf2lPsrSVk=
-3,-72,q2Uvc/xTA8vfTXnbljQEzgvqjtI=,fdWXCcdkWUEt638rPgf2lPsrSVk=
-9,-68,q2Uvc/xTA8vfTXnbljQEzgvqjtI=,hQfOjD8dUu2bCQlkY4PC+Y68qCQ=
-3,-71,q2Uvc/xTA8vfTXnbljQEzgvqjtI=,fdWXCcdkWUEt638rPgf2lPsrSVk=
-4,-71,q2Uvc/xTA8vfTXnbljQEzgvqjtI=,fdWXCcdkWUEt638rPgf2lPsrSVk=
-4,-67,q2Uvc/xTA8vfTXnbljQEzgvqjtI=,fdWXCcdkWUEt638rPgf2lPsrSVk=
-5,-71,q2Uvc/xTA8vfTXnbljQEzgvqjtI=,fdWXCcdkWUEt638rPgf2lPsrSVk=
-3,-67,q2Uvc/xTA8vfTXnbljQEzgvqjtI=,fdWXCcdkWUEt638rPgf2lPsrSVk=
-5,-72,q2Uvc/xTA8vfTXnbljQEzgvqjtI=,fdWXCcdkWUEt638rPgf2lPsrSVk=
-7,-70,q2Uvc/xTA8vfTXnbljQEzgvqjtI=,fdWXCcdkWUEt638rPgf2lPsrSVk=
-9,-67,q2Uvc/xTA8vfTXnbljQEzgvqjtI=,hQfOjD8dUu2bCQlkY4PC+Y68qCQ=
-7,-71,q2Uvc/xTA8vfTXnbljQEzgvqjtI=,fdWXCcdkWUEt638rPgf2lPsrSVk=
-3,-66,q2Uvc/xTA8vfTXnbljQEzgvqjtI=,fdWXCcdkWUEt638rPgf2lPsrSVk=
-2,-67,q2Uvc/xTA8vfTXnbljQEzgvqjtI=,fdWXCcdkWUEt638rPgf2lPsrSVk=
-4,-65,q2Uvc/xTA8vfTXnbljQEzgvqjtI=,fdWXCcdkWUEt638rPgf2lPsrSVk=
-6,-70,q2Uvc/xTA8vfTXnbljQEzgvqjtI=,fdWXCcdkWUEt638rPgf2lPsrSVk=
-6,-72,q2Uvc/xTA8vfTXnbljQEzgvqjtI=,fdWXCcdkWUEt638rPgf2lPsrSVk=
-6,-65,q2Uvc/xTA8vfTXnbljQEzgvqjtI=,fdWXCcdkWUEt638rPgf2lPsrSVk=
-3,-70,q2Uvc/xTA8vfTXnbljQEzgvqjtI=,fdWXCcdkWUEt638rPgf2lPsrSVk=
-6,-71,q2Uvc/xTA8vfTXnbljQEzgvqjtI=,fdWXCcdkWUEt638rPgf2lPsrSVk=
-8,-67,q2Uvc/xTA8vfTXnbljQEzgvqjtI=,fdWXCcdkWUEt638rPgf2lPsrSVk=
-8,-71,q2Uvc/xTA8vfTXnbljQEzgvqjtI=,fdWXCcdkWUEt638rPgf2lPsrSVk=
-4,-66,q2Uvc/xTA8vfTXnbljQEzgvqjtI=,fdWXCcdkWUEt638rPgf2lPsrSVk=
-8,-68,q2Uvc/xTA8vfTXnbljQEzgvqjtI=,fdWXCcdkWUEt638rPgf2lPsrSVk=
-8,-69,q2Uvc/xTA8vfTXnbljQEzgvqjtI=,fdWXCcdkWUEt638rPgf2lPsrSVk=
-5,-65,q2Uvc/xTA8vfTXnbljQEzgvqjtI=,fdWXCcdkWUEt638rPgf2lPsrSVk=
-7,-72,q2Uvc/xTA8vfTXnbljQEzgvqjtI=,fdWXCcdkWUEt638rPgf2lPsrSVk=
-5,-70,q2Uvc/xTA8vfTXnbljQEzgvqjtI=,fdWXCcdkWUEt638rPgf2lPsrSVk=
-1,-66,q2Uvc/xTA8vfTXnbljQEzgvqjtI=,fdWXCcdkWUEt638rPgf2lPsrSVk=
-1,-67,q2Uvc/xTA8vfTXnbljQEzgvqjtI=,fdWXCcdkWUEt638rPgf2lPsrSVk=
-1,-72,q2Uvc/xTA8vfTXnbljQEzgvqjtI=,fdWXCcdkWUEt638rPgf2lPsrSVk=
-1,-71,q2Uvc/xTA8vfTXnbljQEzgvqjtI=,fdWXCcdkWUEt638rPgf2lPsrSVk=
-1,-65,q2Uvc/xTA8vfTXnbljQEzgvqjtI=,fdWXCcdkWUEt638rPgf2lPsrSVk=
-9,-66,q2Uvc/xTA8vfTXnbljQEzgvqjtI=,hQfOjD8dUu2bCQlkY4PC+Y68qCQ=
-4,-72,q2Uvc/xTA8vfTXnbljQEzgvqjtI=,fdWXCcdkWUEt638rPgf2lPsrSVk=
-5,-69,q2Uvc/xTA8vfTXnbljQEzgvqjtI=,fdWXCcdkWUEt638rPgf2lPsrSVk=
-5,-66,q2Uvc/xTA8vfTXnbljQEzgvqjtI=,fdWXCcdkWUEt638rPgf2lPsrSVk=
-7,-67,q2Uvc/xTA8vfTXnbljQEzgvqjtI=,fdWXCcdkWUEt638rPgf2lPsrSVk=
-7,-68,q2Uvc/xTA8vfTXnbljQEzgvqjtI=,fdWXCcdkWUEt638rPgf2lPsrSVk=
-1,-70,q2Uvc/xTA8vfTXnbljQEzgvqjtI=,fdWXCcdkWUEt638rPgf2lPsrSVk=
-10,-65,q2Uvc/xTA8vfTXnbljQEzgvqjtI=,hQfOjD8dUu2bCQlkY4PC+Y68qCQ=
-6,-68,q2Uvc/xTA8vfTXnbljQEzgvqjtI=,fdWXCcdkWUEt638rPgf2lPsrSVk=
-9,-65,q2Uvc/xTA8vfTXnbljQEzgvqjtI=,hQfOjD8dUu2bCQlkY4PC+Y68qCQ=
-1,-68,q2Uvc/xTA8vfTXnbljQEzgvqjtI=,fdWXCcdkWUEt638rPgf2lPsrSVk=
-4,-68,q2Uvc/xTA8vfTXnbljQEzgvqjtI=,fdWXCcdkWUEt638rPgf2lPsrSVk=
-3,-69,q2Uvc/xTA8vfTXnbljQEzgvqjtI=,fdWXCcdkWUEt638rPgf2lPsrSVk=
-3,-68,q2Uvc/xTA8vfTXnbljQEzgvqjtI=,fdWXCcdkWUEt638rPgf2lPsrSVk=
-4,-69,q2Uvc/xTA8vfTXnbljQEzgvqjtI=,fdWXCcdkWUEt638rPgf2lPsrSVk=
-4,-70,q2Uvc/xTA8vfTXnbljQEzgvqjtI=,fdWXCcdkWUEt638rPgf2lPsrSVk=
-8,-65,q2Uvc/xTA8vfTXnbljQEzgvqjtI=,fdWXCcdkWUEt638rPgf2lPsrSVk=
-2,-69,q2Uvc/xTA8vfTXnbljQEzgvqjtI=,fdWXCcdkWUEt638rPgf2lPsrSVk=
-5,-68,q2Uvc/xTA8vfTXnbljQEzgvqjtI=,fdWXCcdkWUEt638rPgf2lPsrSVk=
-2,-70,q2Uvc/xTA8vfTXnbljQEzgvqjtI=,fdWXCcdkWUEt638rPgf2lPsrSVk=
-2,-68,q2Uvc/xTA8vfTXnbljQEzgvqjtI=,fdWXCcdkWUEt638rPgf2lPsrSVk=
-6,-67,q2Uvc/xTA8vfTXnbljQEzgvqjtI=,fdWXCcdkWUEt638rPgf2lPsrSVk=
-5,-67,q2Uvc/xTA8vfTXnbljQEzgvqjtI=,fdWXCcdkWUEt638rPgf2lPsrSVk=
-7,-65,q2Uvc/xTA8vfTXnbljQEzgvqjtI=,fdWXCcdkWUEt638rPgf2lPsrSVk=
-8,-66,q2Uvc/xTA8vfTXnbljQEzgvqjtI=,fdWXCcdkWUEt638rPgf2lPsrSVk=
-6,-66,q2Uvc/xTA8vfTXnbljQEzgvqjtI=,fdWXCcdkWUEt638rPgf2lPsrSVk=
-7,-66,q2Uvc/xTA8vfTXnbljQEzgvqjtI=,fdWXCcdkWUEt638rPgf2lPsrSVk=
-1,-69,q2Uvc/xTA8vfTXnbljQEzgvqjtI=,fdWXCcdkWUEt638rPgf2lPsrSVk=
-26,-78,1I7nRTtA8ln9rJOb5YsfTT+/CoU=,1sRbpqLakIzRY49ew2Q4VxsVDhs=
-31,-76,1I7nRTtA8ln9rJOb5YsfTT+/CoU=,1sRbpqLakIzRY49ew2Q4VxsVDhs=
-32,-76,1I7nRTtA8ln9rJOb5YsfTT+/CoU=,1sRbpqLakIzRY49ew2Q4VxsVDhs=
-27,-78,1I7nRTtA8ln9rJOb5YsfTT+/CoU=,1sRbpqLakIzRY49ew2Q4VxsVDhs=
-29,-79,1I7nRTtA8ln9rJOb5YsfTT+/CoU=,1sRbpqLakIzRY49ew2Q4VxsVDhs=
-25,-77,1I7nRTtA8ln9rJOb5YsfTT+/CoU=,1sRbpqLakIzRY49ew2Q4VxsVDhs=
-32,-74,1I7nRTtA8ln9rJOb5YsfTT+/CoU=,1sRbpqLakIzRY49ew2Q4VxsVDhs=
-25,-75,1I7nRTtA8ln9rJOb5YsfTT+/CoU=,1sRbpqLakIzRY49ew2Q4VxsVDhs=
-26,-75,1I7nRTtA8ln9rJOb5YsfTT+/CoU=,1sRbpqLakIzRY49ew2Q4VxsVDhs=
-27,-75,1I7nRTtA8ln9rJOb5YsfTT+/CoU=,1sRbpqLakIzRY49ew2Q4VxsVDhs=
-26,-77,1I7nRTtA8ln9rJOb5YsfTT+/CoU=,1sRbpqLakIzRY49ew2Q4VxsVDhs=
-27,-77,1I7nRTtA8ln9rJOb5YsfTT+/CoU=,1sRbpqLakIzRY49ew2Q4VxsVDhs=
-28,-78,1I7nRTtA8ln9rJOb5YsfTT+/CoU=,1sRbpqLakIzRY49ew2Q4VxsVDhs=
-31,-75,1I7nRTtA8ln9rJOb5YsfTT+/CoU=,1sRbpqLakIzRY49ew2Q4VxsVDhs=
-32,-75,1I7nRTtA8ln9rJOb5YsfTT+/CoU=,1sRbpqLakIzRY49ew2Q4VxsVDhs=
-29,-78,1I7nRTtA8ln9rJOb5YsfTT+/CoU=,1sRbpqLakIzRY49ew2Q4VxsVDhs=
-28,-77,1I7nRTtA8ln9rJOb5YsfTT+/CoU=,1sRbpqLakIzRY49ew2Q4VxsVDhs=
-29,-77,1I7nRTtA8ln9rJOb5YsfTT+/CoU=,1sRbpqLakIzRY49ew2Q4VxsVDhs=
-30,-77,1I7nRTtA8ln9rJOb5YsfTT+/CoU=,1sRbpqLakIzRY49ew2Q4VxsVDhs=
-25,-76,1I7nRTtA8ln9rJOb5YsfTT+/CoU=,1sRbpqLakIzRY49ew2Q4VxsVDhs=
-31,-77,1I7nRTtA8ln9rJOb5YsfTT+/CoU=,1sRbpqLakIzRY49ew2Q4VxsVDhs=
-25,-74,1I7nRTtA8ln9rJOb5YsfTT+/CoU=,1sRbpqLakIzRY49ew2Q4VxsVDhs=
-26,-76,1I7nRTtA8ln9rJOb5YsfTT+/CoU=,1sRbpqLakIzRY49ew2Q4VxsVDhs=
-27,-76,1I7nRTtA8ln9rJOb5YsfTT+/CoU=,1sRbpqLakIzRY49ew2Q4VxsVDhs=
-31,-79,1I7nRTtA8ln9rJOb5YsfTT+/CoU=,1sRbpqLakIzRY49ew2Q4VxsVDhs=
-28,-76,1I7nRTtA8ln9rJOb5YsfTT+/CoU=,1sRbpqLakIzRY49ew2Q4VxsVDhs=
-30,-78,1I7nRTtA8ln9rJOb5YsfTT+/CoU=,1sRbpqLakIzRY49ew2Q4VxsVDhs=
-31,-78,1I7nRTtA8ln9rJOb5YsfTT+/CoU=,1sRbpqLakIzRY49ew2Q4VxsVDhs=
-32,-78,1I7nRTtA8ln9rJOb5YsfTT+/CoU=,1sRbpqLakIzRY49ew2Q4VxsVDhs=
-32,-77,1I7nRTtA8ln9rJOb5YsfTT+/CoU=,1sRbpqLakIzRY49ew2Q4VxsVDhs=
-25,-78,1I7nRTtA8ln9rJOb5YsfTT+/CoU=,1sRbpqLakIzRY49ew2Q4VxsVDhs=
-32,-79,1I7nRTtA8ln9rJOb5YsfTT+/CoU=,1sRbpqLakIzRY49ew2Q4VxsVDhs=
-30,-79,1I7nRTtA8ln9rJOb5YsfTT+/CoU=,1sRbpqLakIzRY49ew2Q4VxsVDhs=
-25,-79,1I7nRTtA8ln9rJOb5YsfTT+/CoU=,1sRbpqLakIzRY49ew2Q4VxsVDhs=
-27,-79,1I7nRTtA8ln9rJOb5YsfTT+/CoU=,1sRbpqLakIzRY49ew2Q4VxsVDhs=
-28,-79,1I7nRTtA8ln9rJOb5YsfTT+/CoU=,1sRbpqLakIzRY49ew2Q4VxsVDhs=
-26,-79,1I7nRTtA8ln9rJOb5YsfTT+/CoU=,1sRbpqLakIzRY49ew2Q4VxsVDhs=
-25,-71,1I7nRTtA8ln9rJOb5YsfTT+/CoU=,i/fSN/0GbN0zyWeRJwbd8haOxZg=
-26,-71,1I7nRTtA8ln9rJOb5YsfTT+/CoU=,i/fSN/0GbN0zyWeRJwbd8haOxZg=
-25,-70,1I7nRTtA8ln9rJOb5YsfTT+/CoU=,i/fSN/0GbN0zyWeRJwbd8haOxZg=
-25,-73,1I7nRTtA8ln9rJOb5YsfTT+/CoU=,1sRbpqLakIzRY49ew2Q4VxsVDhs=
-26,-70,1I7nRTtA8ln9rJOb5YsfTT+/CoU=,i/fSN/0GbN0zyWeRJwbd8haOxZg=
-25,-65,1I7nRTtA8ln9rJOb5YsfTT+/CoU=,i/fSN/0GbN0zyWeRJwbd8haOxZg=
-27,-71,1I7nRTtA8ln9rJOb5YsfTT+/CoU=,i/fSN/0GbN0zyWeRJwbd8haOxZg=
-26,-73,1I7nRTtA8ln9rJOb5YsfTT+/CoU=,1sRbpqLakIzRY49ew2Q4VxsVDhs=
-27,-73,1I7nRTtA8ln9rJOb5YsfTT+/CoU=,1sRbpqLakIzRY49ew2Q4VxsVDhs=
-29,-73,1I7nRTtA8ln9rJOb5YsfTT+/CoU=,1sRbpqLakIzRY49ew2Q4VxsVDhs=
-31,-65,1I7nRTtA8ln9rJOb5YsfTT+/CoU=,i/fSN/0GbN0zyWeRJwbd8haOxZg=
-32,-65,1I7nRTtA8ln9rJOb5YsfTT+/CoU=,i/fSN/0GbN0zyWeRJwbd8haOxZg=
-28,-73,1I7nRTtA8ln9rJOb5YsfTT+/CoU=,1sRbpqLakIzRY49ew2Q4VxsVDhs=
-30,-76,1I7nRTtA8ln9rJOb5YsfTT+/CoU=,1sRbpqLakIzRY49ew2Q4VxsVDhs=
-27,-70,1I7nRTtA8ln9rJOb5YsfTT+/CoU=,i/fSN/0GbN0zyWeRJwbd8haOxZg=
-32,-72,1I7nRTtA8ln9rJOb5YsfTT+/CoU=,i/fSN/0GbN0zyWeRJwbd8haOxZg=
-25,-66,1I7nRTtA8ln9rJOb5YsfTT+/CoU=,i/fSN/0GbN0zyWeRJwbd8haOxZg=
-30,-72,1I7nRTtA8ln9rJOb5YsfTT+/CoU=,i/fSN/0GbN0zyWeRJwbd8haOxZg=
-28,-71,1I7nRTtA8ln9rJOb5YsfTT+/CoU=,i/fSN/0GbN0zyWeRJwbd8haOxZg=
-29,-71,1I7nRTtA8ln9rJOb5YsfTT+/CoU=,i/fSN/0GbN0zyWeRJwbd8haOxZg=
-32,-69,1I7nRTtA8ln9rJOb5YsfTT+/CoU=,i/fSN/0GbN0zyWeRJwbd8haOxZg=
-29,-65,1I7nRTtA8ln9rJOb5YsfTT+/CoU=,i/fSN/0GbN0zyWeRJwbd8haOxZg=
-30,-73,1I7nRTtA8ln9rJOb5YsfTT+/CoU=,1sRbpqLakIzRY49ew2Q4VxsVDhs=
-31,-72,1I7nRTtA8ln9rJOb5YsfTT+/CoU=,i/fSN/0GbN0zyWeRJwbd8haOxZg=
-25,-67,1I7nRTtA8ln9rJOb5YsfTT+/CoU=,i/fSN/0GbN0zyWeRJwbd8haOxZg=
-26,-66,1I7nRTtA8ln9rJOb5YsfTT+/CoU=,i/fSN/0GbN0zyWeRJwbd8haOxZg=
-30,-71,1I7nRTtA8ln9rJOb5YsfTT+/CoU=,i/fSN/0GbN0zyWeRJwbd8haOxZg=
-31,-66,1I7nRTtA8ln9rJOb5YsfTT+/CoU=,i/fSN/0GbN0zyWeRJwbd8haOxZg=
-26,-65,1I7nRTtA8ln9rJOb5YsfTT+/CoU=,i/fSN/0GbN0zyWeRJwbd8haOxZg=
-28,-70,1I7nRTtA8ln9rJOb5YsfTT+/CoU=,i/fSN/0GbN0zyWeRJwbd8haOxZg=
-28,-66,1I7nRTtA8ln9rJOb5YsfTT+/CoU=,i/fSN/0GbN0zyWeRJwbd8haOxZg=
-32,-66,1I7nRTtA8ln9rJOb5YsfTT+/CoU=,i/fSN/0GbN0zyWeRJwbd8haOxZg=
-30,-65,1I7nRTtA8ln9rJOb5YsfTT+/CoU=,i/fSN/0GbN0zyWeRJwbd8haOxZg=
-32,-73,1I7nRTtA8ln9rJOb5YsfTT+/CoU=,1sRbpqLakIzRY49ew2Q4VxsVDhs=
-28,-65,1I7nRTtA8ln9rJOb5YsfTT+/CoU=,i/fSN/0GbN0zyWeRJwbd8haOxZg=
-31,-69,1I7nRTtA8ln9rJOb5YsfTT+/CoU=,i/fSN/0GbN0zyWeRJwbd8haOxZg=
-29,-66,1I7nRTtA8ln9rJOb5YsfTT+/CoU=,i/fSN/0GbN0zyWeRJwbd8haOxZg=
-25,-68,1I7nRTtA8ln9rJOb5YsfTT+/CoU=,i/fSN/0GbN0zyWeRJwbd8haOxZg=
-27,-65,1I7nRTtA8ln9rJOb5YsfTT+/CoU=,i/fSN/0GbN0zyWeRJwbd8haOxZg=
-27,-66,1I7nRTtA8ln9rJOb5YsfTT+/CoU=,i/fSN/0GbN0zyWeRJwbd8haOxZg=
-30,-66,1I7nRTtA8ln9rJOb5YsfTT+/CoU=,i/fSN/0GbN0zyWeRJwbd8haOxZg=
-31,-73,1I7nRTtA8ln9rJOb5YsfTT+/CoU=,1sRbpqLakIzRY49ew2Q4VxsVDhs=
-28,-67,1I7nRTtA8ln9rJOb5YsfTT+/CoU=,i/fSN/0GbN0zyWeRJwbd8haOxZg=
-29,-70,1I7nRTtA8ln9rJOb5YsfTT+/CoU=,i/fSN/0GbN0zyWeRJwbd8haOxZg=
-26,-67,1I7nRTtA8ln9rJOb5YsfTT+/CoU=,i/fSN/0GbN0zyWeRJwbd8haOxZg=
-31,-71,1I7nRTtA8ln9rJOb5YsfTT+/CoU=,i/fSN/0GbN0zyWeRJwbd8haOxZg=
-25,-69,1I7nRTtA8ln9rJOb5YsfTT+/CoU=,i/fSN/0GbN0zyWeRJwbd8haOxZg=
-27,-67,1I7nRTtA8ln9rJOb5YsfTT+/CoU=,i/fSN/0GbN0zyWeRJwbd8haOxZg=
-26,-69,1I7nRTtA8ln9rJOb5YsfTT+/CoU=,i/fSN/0GbN0zyWeRJwbd8haOxZg=
-25,-72,1I7nRTtA8ln9rJOb5YsfTT+/CoU=,i/fSN/0GbN0zyWeRJwbd8haOxZg=
-30,-69,1I7nRTtA8ln9rJOb5YsfTT+/CoU=,i/fSN/0GbN0zyWeRJwbd8haOxZg=
-29,-67,1I7nRTtA8ln9rJOb5YsfTT+/CoU=,i/fSN/0GbN0zyWeRJwbd8haOxZg=
-32,-71,1I7nRTtA8ln9rJOb5YsfTT+/CoU=,i/fSN/0GbN0zyWeRJwbd8haOxZg=
-26,-68,1I7nRTtA8ln9rJOb5YsfTT+/CoU=,i/fSN/0GbN0zyWeRJwbd8haOxZg=
-30,-67,1I7nRTtA8ln9rJOb5YsfTT+/CoU=,i/fSN/0GbN0zyWeRJwbd8haOxZg=
-28,-72,1I7nRTtA8ln9rJOb5YsfTT+/CoU=,i/fSN/0GbN0zyWeRJwbd8haOxZg=
-26,-72,1I7nRTtA8ln9rJOb5YsfTT+/CoU=,i/fSN/0GbN0zyWeRJwbd8haOxZg=
-31,-67,1I7nRTtA8ln9rJOb5YsfTT+/CoU=,i/fSN/0GbN0zyWeRJwbd8haOxZg=
-32,-67,1I7nRTtA8ln9rJOb5YsfTT+/CoU=,i/fSN/0GbN0zyWeRJwbd8haOxZg=
-29,-68,1I7nRTtA8ln9rJOb5YsfTT+/CoU=,i/fSN/0GbN0zyWeRJwbd8haOxZg=
-28,-74,1I7nRTtA8ln9rJOb5YsfTT+/CoU=,1sRbpqLakIzRY49ew2Q4VxsVDhs=
-27,-74,1I7nRTtA8ln9rJOb5YsfTT+/CoU=,1sRbpqLakIzRY49ew2Q4VxsVDhs=
-30,-68,1I7nRTtA8ln9rJOb5YsfTT+/CoU=,i/fSN/0GbN0zyWeRJwbd8haOxZg=
-27,-68,1I7nRTtA8ln9rJOb5YsfTT+/CoU=,i/fSN/0GbN0zyWeRJwbd8haOxZg=
-26,-74,1I7nRTtA8ln9rJOb5YsfTT+/CoU=,1sRbpqLakIzRY49ew2Q4VxsVDhs=
-29,-69,1I7nRTtA8ln9rJOb5YsfTT+/CoU=,i/fSN/0GbN0zyWeRJwbd8haOxZg=
-28,-75,1I7nRTtA8ln9rJOb5YsfTT+/CoU=,1sRbpqLakIzRY49ew2Q4VxsVDhs=
-31,-74,1I7nRTtA8ln9rJOb5YsfTT+/CoU=,1sRbpqLakIzRY49ew2Q4VxsVDhs=
-28,-68,1I7nRTtA8ln9rJOb5YsfTT+/CoU=,i/fSN/0GbN0zyWeRJwbd8haOxZg=
-29,-76,1I7nRTtA8ln9rJOb5YsfTT+/CoU=,1sRbpqLakIzRY49ew2Q4VxsVDhs=
-27,-72,1I7nRTtA8ln9rJOb5YsfTT+/CoU=,i/fSN/0GbN0zyWeRJwbd8haOxZg=
-28,-69,1I7nRTtA8ln9rJOb5YsfTT+/CoU=,i/fSN/0GbN0zyWeRJwbd8haOxZg=
-30,-70,1I7nRTtA8ln9rJOb5YsfTT+/CoU=,i/fSN/0GbN0zyWeRJwbd8haOxZg=
-29,-74,1I7nRTtA8ln9rJOb5YsfTT+/CoU=,1sRbpqLakIzRY49ew2Q4VxsVDhs=
-31,-70,1I7nRTtA8ln9rJOb5YsfTT+/CoU=,i/fSN/0GbN0zyWeRJwbd8haOxZg=
-30,-74,1I7nRTtA8ln9rJOb5YsfTT+/CoU=,1sRbpqLakIzRY49ew2Q4VxsVDhs=
-31,-68,1I7nRTtA8ln9rJOb5YsfTT+/CoU=,i/fSN/0GbN0zyWeRJwbd8haOxZg=
-27,-69,1I7nRTtA8ln9rJOb5YsfTT+/CoU=,i/fSN/0GbN0zyWeRJwbd8haOxZg=
-32,-70,1I7nRTtA8ln9rJOb5YsfTT+/CoU=,i/fSN/0GbN0zyWeRJwbd8haOxZg=
-32,-68,1I7nRTtA8ln9rJOb5YsfTT+/CoU=,i/fSN/0GbN0zyWeRJwbd8haOxZg=
-30,-75,1I7nRTtA8ln9rJOb5YsfTT+/CoU=,1sRbpqLakIzRY49ew2Q4VxsVDhs=
-29,-75,1I7nRTtA8ln9rJOb5YsfTT+/CoU=,1sRbpqLakIzRY49ew2Q4VxsVDhs=
-29,-72,1I7nRTtA8ln9rJOb5YsfTT+/CoU=,i/fSN/0GbN0zyWeRJwbd8haOxZg=
