-66,64,HuH30DveyRncXOyfkMIBJUKjdhQ=,FWHkxyME427F1k/UYRKr88VlZSg=
-65,71,HuH30DveyRncXOyfkMIBJUKjdhQ=,FWHkxyME427F1k/UYRKr88VlZSg=
-67,71,HuH30DveyRncXOyfkMIBJUKjdhQ=,FWHkxyME427F1k/UYRKr88VlZSg=
-66,71,HuH30DveyRncXOyfkMIBJUKjdhQ=,FWHkxyME427F1k/UYRKr88VlZSg=
-68,71,HuH30DveyRncXOyfkMIBJUKjdhQ=,FWHkxyME427F1k/UYRKr88VlZSg=
-69,71,HuH30DveyRncXOyfkMIBJUKjdhQ=,FWHkxyME427F1k/UYRKr88VlZSg=
-71,71,HuH30DveyRncXOyfkMIBJUKjdhQ=,FWHkxyME427F1k/UYRKr88VlZSg=
-66,70,HuH30DveyRncXOyfkMIBJUKjdhQ=,FWHkxyME427F1k/UYRKr88VlZSg=
-70,71,HuH30DveyRncXOyfkMIBJUKjdhQ=,FWHkxyME427F1k/UYRKr88VlZSg=
-65,70,HuH30DveyRncXOyfkMIBJUKjdhQ=,FWHkxyME427F1k/UYRKr88VlZSg=
-68,70,HuH30DveyRncXOyfkMIBJUKjdhQ=,FWHkxyME427F1k/UYRKr88VlZSg=
-69,70,HuH30DveyRncXOyfkMIBJUKjdhQ=,FWHkxyME427F1k/UYRKr88VlZSg=
-70,70,HuH30DveyRncXOyfkMIBJUKjdhQ=,FWHkxyME427F1k/UYRKr88VlZSg=
-67,70,HuH30DveyRncXOyfkMIBJUKjdhQ=,FWHkxyME427F1k/UYRKr88VlZSg=
-71,70,HuH30DveyRncXOyfkMIBJUKjdhQ=,FWHkxyME427F1k/UYRKr88VlZSg=
-65,69,HuH30DveyRncXOyfkMIBJUKjdhQ=,FWHkxyME427F1k/UYRKr88VlZSg=
-66,69,HuH30DveyRncXOyfkMIBJUKjdhQ=,FWHkxyME427F1k/UYRKr88VlZSg=
-67,69,HuH30DveyRncXOyfkMIBJUKjdhQ=,FWHkxyME427F1k/UYRKr88VlZSg=
-68,69,HuH30DveyRncXOyfkMIBJUKjdhQ=,FWHkxyME427F1k/UYRKr88VlZSg=
-69,69,HuH30DveyRncXOyfkMIBJUKjdhQ=,FWHkxyME427F1k/UYRKr88VlZSg=
-70,69,HuH30DveyRncXOyfkMIBJUKjdhQ=,FWHkxyME427F1k/UYRKr88VlZSg=
-71,69,HuH30DveyRncXOyfkMIBJUKjdhQ=,FWHkxyME427F1k/UYRKr88VlZSg=
-65,68,HuH30DveyRncXOyfkMIBJUKjdhQ=,FWHkxyME427F1k/UYRKr88VlZSg=
-66,68,HuH30DveyRncXOyfkMIBJUKjdhQ=,FWHkxyME427F1k/UYRKr88VlZSg=
-67,68,HuH30DveyRncXOyfkMIBJUKjdhQ=,FWHkxyME427F1k/UYRKr88VlZSg=
-68,68,HuH30DveyRncXOyfkMIBJUKjdhQ=,FWHkxyME427F1k/UYRKr88VlZSg=
-69,68,HuH30DveyRncXOyfkMIBJUKjdhQ=,FWHkxyME427F1k/UYRKr88VlZSg=
-70,68,HuH30DveyRncXOyfkMIBJUKjdhQ=,FWHkxyME427F1k/UYRKr88VlZSg=
-71,68,HuH30DveyRncXOyfkMIBJUKjdhQ=,FWHkxyME427F1k/UYRKr88VlZSg=
-65,67,HuH30DveyRncXOyfkMIBJUKjdhQ=,FWHkxyME427F1k/UYRKr88VlZSg=
-67,67,HuH30DveyRncXOyfkMIBJUKjdhQ=,FWHkxyME427F1k/UYRKr88VlZSg=
-66,67,HuH30DveyRncXOyfkMIBJUKjdhQ=,FWHkxyME427F1k/UYRKr88VlZSg=
-68,67,HuH30DveyRncXOyfkMIBJUKjdhQ=,FWHkxyME427F1k/UYRKr88VlZSg=
-69,67,HuH30DveyRncXOyfkMIBJUKjdhQ=,FWHkxyME427F1k/UYRKr88VlZSg=
-70,67,HuH30DveyRncXOyfkMIBJUKjdhQ=,FWHkxyME427F1k/UYRKr88VlZSg=
-71,67,HuH30DveyRncXOyfkMIBJUKjdhQ=,FWHkxyME427F1k/UYRKr88VlZSg=
-65,66,HuH30DveyRncXOyfkMIBJUKjdhQ=,FWHkxyME427F1k/UYRKr88VlZSg=
-67,66,HuH30DveyRncXOyfkMIBJUKjdhQ=,FWHkxyME427F1k/UYRKr88VlZSg=
-66,66,HuH30DveyRncXOyfkMIBJUKjdhQ=,FWHkxyME427F1k/UYRKr88VlZSg=
-71,66,HuH30DveyRncXOyfkMIBJUKjdhQ=,FWHkxyME427F1k/UYRKr88VlZSg=
-66,65,HuH30DveyRncXOyfkMIBJUKjdhQ=,FWHkxyME427F1k/UYRKr88VlZSg=
-65,65,HuH30DveyRncXOyfkMIBJUKjdhQ=,FWHkxyME427F1k/UYRKr88VlZSg=
-67,65,HuH30DveyRncXOyfkMIBJUKjdhQ=,FWHkxyME427F1k/UYRKr88VlZSg=
-65,64,HuH30DveyRncXOyfkMIBJUKjdhQ=,FWHkxyME427F1k/UYRKr88VlZSg=
-67,64,HuH30DveyRncXOyfkMIBJUKjdhQ=,FWHkxyME427F1k/UYRKr88VlZSg=
-68,65,HuH30DveyRncXOyfkMIBJUKjdhQ=,FWHkxyME427F1k/UYRKr88VlZSg=
-68,66,HuH30DveyRncXOyfkMIBJUKjdhQ=,FWHkxyME427F1k/UYRKr88VlZSg=
-68,64,HuH30DveyRncXOyfkMIBJUKjdhQ=,FWHkxyME427F1k/UYRKr88VlZSg=
-73,71,HuH30DveyRncXOyfkMIBJUKjdhQ=,6b2djj/OO5RonxZzLe0kF2MtOmE=
-73,70,HuH30DveyRncXOyfkMIBJUKjdhQ=,6b2djj/OO5RonxZzLe0kF2MtOmE=
-74,70,HuH30DveyRncXOyfkMIBJUKjdhQ=,6b2djj/OO5RonxZzLe0kF2MtOmE=
-76,70,HuH30DveyRncXOyfkMIBJUKjdhQ=,6b2djj/OO5RonxZzLe0kF2MtOmE=
-75,70,HuH30DveyRncXOyfkMIBJUKjdhQ=,6b2djj/OO5RonxZzLe0kF2MtOmE=
-76,69,HuH30DveyRncXOyfkMIBJUKjdhQ=,6b2djj/OO5RonxZzLe0kF2MtOmE=
-77,70,HuH30DveyRncXOyfkMIBJUKjdhQ=,6b2djj/OO5RonxZzLe0kF2MtOmE=
-77,69,HuH30DveyRncXOyfkMIBJUKjdhQ=,6b2djj/OO5RonxZzLe0kF2MtOmE=
-72,71,HuH30DveyRncXOyfkMIBJUKjdhQ=,FWHkxyME427F1k/UYRKr88VlZSg=
-72,70,HuH30DveyRncXOyfkMIBJUKjdhQ=,FWHkxyME427F1k/UYRKr88VlZSg=
-75,71,HuH30DveyRncXOyfkMIBJUKjdhQ=,6b2djj/OO5RonxZzLe0kF2MtOmE=
-76,71,HuH30DveyRncXOyfkMIBJUKjdhQ=,6b2djj/OO5RonxZzLe0kF2MtOmE=
-74,71,HuH30DveyRncXOyfkMIBJUKjdhQ=,6b2djj/OO5RonxZzLe0kF2MtOmE=
-77,71,HuH30DveyRncXOyfkMIBJUKjdhQ=,6b2djj/OO5RonxZzLe0kF2MtOmE=
-78,71,HuH30DveyRncXOyfkMIBJUKjdhQ=,6b2djj/OO5RonxZzLe0kF2MtOmE=
-79,70,HuH30DveyRncXOyfkMIBJUKjdhQ=,6b2djj/OO5RonxZzLe0kF2MtOmE=
-79,69,HuH30DveyRncXOyfkMIBJUKjdhQ=,6b2djj/OO5RonxZzLe0kF2MtOmE=
-79,67,HuH30DveyRncXOyfkMIBJUKjdhQ=,6b2djj/OO5RonxZzLe0kF2MtOmE=
-70,66,HuH30DveyRncXOyfkMIBJUKjdhQ=,FWHkxyME427F1k/UYRKr88VlZSg=
-79,71,HuH30DveyRncXOyfkMIBJUKjdhQ=,6b2djj/OO5RonxZzLe0kF2MtOmE=
-69,66,HuH30DveyRncXOyfkMIBJUKjdhQ=,FWHkxyME427F1k/UYRKr88VlZSg=
-75,69,HuH30DveyRncXOyfkMIBJUKjdhQ=,6b2djj/OO5RonxZzLe0kF2MtOmE=
-78,70,HuH30DveyRncXOyfkMIBJUKjdhQ=,6b2djj/OO5RonxZzLe0kF2MtOmE=
-73,69,HuH30DveyRncXOyfkMIBJUKjdhQ=,6b2djj/OO5RonxZzLe0kF2MtOmE=
-72,65,HuH30DveyRncXOyfkMIBJUKjdhQ=,FWHkxyME427F1k/UYRKr88VlZSg=
-79,65,HuH30DveyRncXOyfkMIBJUKjdhQ=,6b2djj/OO5RonxZzLe0kF2MtOmE=
-78,69,HuH30DveyRncXOyfkMIBJUKjdhQ=,6b2djj/OO5RonxZzLe0kF2MtOmE=
-79,68,HuH30DveyRncXOyfkMIBJUKjdhQ=,6b2djj/OO5RonxZzLe0kF2MtOmE=
-74,66,HuH30DveyRncXOyfkMIBJUKjdhQ=,6b2djj/OO5RonxZzLe0kF2MtOmE=
-74,69,HuH30DveyRncXOyfkMIBJUKjdhQ=,6b2djj/OO5RonxZzLe0kF2MtOmE=
-72,64,HuH30DveyRncXOyfkMIBJUKjdhQ=,FWHkxyME427F1k/UYRKr88VlZSg=
-78,68,HuH30DveyRncXOyfkMIBJUKjdhQ=,6b2djj/OO5RonxZzLe0kF2MtOmE=
-76,64,HuH30DveyRncXOyfkMIBJUKjdhQ=,6b2djj/OO5RonxZzLe0kF2MtOmE=
-71,65,HuH30DveyRncXOyfkMIBJUKjdhQ=,FWHkxyME427F1k/UYRKr88VlZSg=
-70,65,HuH30DveyRncXOyfkMIBJUKjdhQ=,FWHkxyME427F1k/UYRKr88VlZSg=
-73,67,HuH30DveyRncXOyfkMIBJUKjdhQ=,6b2djj/OO5RonxZzLe0kF2MtOmE=
-69,65,HuH30DveyRncXOyfkMIBJUKjdhQ=,FWHkxyME427F1k/UYRKr88VlZSg=
-73,66,HuH30DveyRncXOyfkMIBJUKjdhQ=,6b2djj/OO5RonxZzLe0kF2MtOmE=
-76,66,HuH30DveyRncXOyfkMIBJUKjdhQ=,6b2djj/OO5RonxZzLe0kF2MtOmE=
-75,66,HuH30DveyRncXOyfkMIBJUKjdhQ=,6b2djj/OO5RonxZzLe0kF2MtOmE=
-73,64,HuH30DveyRncXOyfkMIBJUKjdhQ=,6b2djj/OO5RonxZzLe0kF2MtOmE=
-71,64,HuH30DveyRncXOyfkMIBJUKjdhQ=,FWHkxyME427F1k/UYRKr88VlZSg=
-73,68,HuH30DveyRncXOyfkMIBJUKjdhQ=,6b2djj/OO5RonxZzLe0kF2MtOmE=
-78,66,HuH30DveyRncXOyfkMIBJUKjdhQ=,6b2djj/OO5RonxZzLe0kF2MtOmE=
-75,64,HuH30DveyRncXOyfkMIBJUKjdhQ=,6b2djj/OO5RonxZzLe0kF2MtOmE=
-78,67,HuH30DveyRncXOyfkMIBJUKjdhQ=,6b2djj/OO5RonxZzLe0kF2MtOmE=
-72,68,HuH30DveyRncXOyfkMIBJUKjdhQ=,FWHkxyME427F1k/UYRKr88VlZSg=
-69,64,HuH30DveyRncXOyfkMIBJUKjdhQ=,FWHkxyME427F1k/UYRKr88VlZSg=
-74,67,HuH30DveyRncXOyfkMIBJUKjdhQ=,6b2djj/OO5RonxZzLe0kF2MtOmE=
-78,65,HuH30DveyRncXOyfkMIBJUKjdhQ=,6b2djj/OO5RonxZzLe0kF2MtOmE=
-77,68,HuH30DveyRncXOyfkMIBJUKjdhQ=,6b2djj/OO5RonxZzLe0kF2MtOmE=
-76,67,HuH30DveyRncXOyfkMIBJUKjdhQ=,6b2djj/OO5RonxZzLe0kF2MtOmE=
-79,66,HuH30DveyRncXOyfkMIBJUKjdhQ=,6b2djj/OO5RonxZzLe0kF2MtOmE=
-72,66,HuH30DveyRncXOyfkMIBJUKjdhQ=,FWHkxyME427F1k/UYRKr88VlZSg=
-72,69,HuH30DveyRncXOyfkMIBJUKjdhQ=,FWHkxyME427F1k/UYRKr88VlZSg=
-74,68,HuH30DveyRncXOyfkMIBJUKjdhQ=,6b2djj/OO5RonxZzLe0kF2MtOmE=
-72,67,HuH30DveyRncXOyfkMIBJUKjdhQ=,FWHkxyME427F1k/UYRKr88VlZSg=
-77,67,HuH30DveyRncXOyfkMIBJUKjdhQ=,6b2djj/OO5RonxZzLe0kF2MtOmE=
-73,65,HuH30DveyRncXOyfkMIBJUKjdhQ=,6b2djj/OO5RonxZzLe0kF2MtOmE=
-70,64,HuH30DveyRncXOyfkMIBJUKjdhQ=,FWHkxyME427F1k/UYRKr88VlZSg=
-75,68,HuH30DveyRncXOyfkMIBJUKjdhQ=,6b2djj/OO5RonxZzLe0kF2MtOmE=
-76,68,HuH30DveyRncXOyfkMIBJUKjdhQ=,6b2djj/OO5RonxZzLe0kF2MtOmE=
-79,64,HuH30DveyRncXOyfkMIBJUKjdhQ=,6b2djj/OO5RonxZzLe0kF2MtOmE=
-74,64,HuH30DveyRncXOyfkMIBJUKjdhQ=,6b2djj/OO5RonxZzLe0kF2MtOmE=
-74,65,HuH30DveyRncXOyfkMIBJUKjdhQ=,6b2djj/OO5RonxZzLe0kF2MtOmE=
-76,65,HuH30DveyRncXOyfkMIBJUKjdhQ=,6b2djj/OO5RonxZzLe0kF2MtOmE=
-77,66,HuH30DveyRncXOyfkMIBJUKjdhQ=,6b2djj/OO5RonxZzLe0kF2MtOmE=
-75,65,HuH30DveyRncXOyfkMIBJUKjdhQ=,6b2djj/OO5RonxZzLe0kF2MtOmE=
-77,65,HuH30DveyRncXOyfkMIBJUKjdhQ=,6b2djj/OO5RonxZzLe0kF2MtOmE=
-77,64,HuH30DveyRncXOyfkMIBJUKjdhQ=,6b2djj/OO5RonxZzLe0kF2MtOmE=
-78,64,HuH30DveyRncXOyfkMIBJUKjdhQ=,6b2djj/OO5RonxZzLe0kF2MtOmE=
-75,67,HuH30DveyRncXOyfkMIBJUKjdhQ=,6b2djj/OO5RonxZzLe0kF2MtOmE=
